item,description,price,isBottle
TAYNTON BAY PICKLED VODKA (110680),750ML,40.95,TRUE
WHISTLER BLACK TUSK CHOCOLATE MILK ALE  (125945),473ML,4.25,TRUE
DRIFTWOOD FAT TUG IPA  (127676),473ML,4.25,TRUE
DRIFTWOOD FAT TUG IPA  (127770),473ML,15.25,TRUE
RED TRUCK HARD DAY IPA  (155570),473ML,2.95,TRUE
DEAD FROG NUTTY UNCLE PEANUT BUTTER STOUT  (15589),473ML,4.95,TRUE
PHILLIPS AMNESIAC DOUBLE IPA (172163),650ML,6.95,TRUE
STEAMWORKS BATTLESHIP DIPA  (176675),473ML,4.45,TRUE
CRABBIES GINGER BEER (188821),500ML,7.45,TRUE
STEAMWORKS FLAGSHIP IPA (189053),473ML,3.25,TRUE
STANLEY PARK AMBER ALE  (198829),473ML,2.95,TRUE
STANLEY PARK WINDSTORM (198832),473ML,2.75,TRUE
STANLEY PARK TRAIL HOPPER IPA (198890),473ML,2.75,TRUE
RED TRUCK LAGER  (21150),473ML,2.95,TRUE
HOYNE POR FAVOR  (231798),473ML,3.95,TRUE
FORBIDDEN SPIRITS EVE`S ORIGINAL GIN (235540),700ML,57.95,TRUE
MAD LABORATORY COCOA AMARO (236054),375ML,20.95,TRUE
WHISTLER FORAGER GLUTEN FREE LAGER  (253672),473ML,4.45,TRUE
OLD YALE SASQUATCH STOUT (288605),650ML,7.95,TRUE
DEAD FROG COMMANDER IMPERIAL STOUT (318852),650ML,11.95,TRUE
ARBUTUS DISTILLERY READY TO DRINK (327847),375ML,27.95,TRUE
STANLEY PARK METEOR SOUR TROPICAL STORM  (342995),473ML,3.45,TRUE
DEAD FROG JUICE BOX SOUR MIXER  (343219),8AR,23.45,TRUE
HERITAGE ACRES LONELY PROSPECTOR SIGNATURE VODK (345529),750ML,42.95,TRUE
OLD YALE PUMPKIN SPICE LATTE AMBER (349186),473ML,4.95,TRUE
STEAMWORKS GUMMY SOUR JUICY WATERMELON  (361306),473ML,3.95,TRUE
STEAMWORKS PEACH OOLONG WHEAT ALE (366597),473ML,3.45,TRUE
HOP VALLEY BUBBLE STASH  (386873),473ML,2.95,TRUE
HOYNE FINNEGANS  (390141),473ML,3.45,TRUE
DRIFTWOOD PALE ALE  (394230),473ML,3.95,TRUE
FLASHBACK MY RED MAC RED ALE (421710),473ML,4.95,TRUE
STEAMWORKS HALO LIGHT HAZY IPA (432977),473ML,3.95,TRUE
GIB JUICY IPA  (433652),473ML,2.95,TRUE
RED TRUCK PALOMA WHEAT  (442828),473ML,3.25,TRUE
GIB BROCKTON IPA  (455157),473ML,3.25,TRUE
FORBIDDEN SPIRITS EVE`S ORIGINAL GIN (47137),200ML,14.95,TRUE
STEAMWORKS KOLSCH (551937),473ML,2.65,TRUE
STEAMWORKS PILSNER (585182),473ML,2.65,TRUE
SHERINGHAM DISTILLERY LEMON GIN LIQUEUR (63046),750ML,47.95,TRUE
STEAMWORKS PALE ALE  (652735),473ML,2.75,TRUE
DRIFTWOOD FAT TUG IPA (844399),650ML,6.95,TRUE
GIB WINTER ALE (876151),473ML,3.25,TRUE
MOLSON ULTRA  (102093),15AR,31.45,TRUE
STANLEY PARK WAYPOINT HAZY PALE ALE (102158),6AR,13.25,TRUE
STEAMWORKS PILSNER  (102395),8AR,15.45,TRUE
BIG BEAR HONEY BROWN (107571),6AR,10.95,TRUE
STEAMWORKS PALE ALE (111787),8AR,15.45,TRUE
STANLEY PARK CONCESSION STAND (119357),12AR,23.45,TRUE
STEAMWORKS MASH-UP HOPPY 8  (119523),8AR,22.95,TRUE
BOWEN ISLAND ARTISAN IPA  (12757),6AR,9.45,TRUE
DRIFTWOOD FAT TUG (127826),6AR,16.45,TRUE
RED TRUCK NORTHWEST IPA (136901),8AR,15.95,TRUE
GIB ENGLISH BAY PALE ALE (151363),6AR,13.75,TRUE
WHISTLER RAMBLER  (15217),12AR,22.95,TRUE
PARALLEL 49 FILTHY DIRTY IPA  (152658),6AR,13.95,TRUE
STEAMWORKS LIONS GATE LAGER  (158051),8AR,15.95,TRUE
DRIFTWOOD SWASH BOX FALL VARIETY  (173570),8AR,23.25,TRUE
FERNIE HIT THE DECK HAZY IPA  (180565),6AR,14.25,TRUE
DRIFTWOOD FAT TUG IPA  (18835),12AR,29.95,TRUE
INNIS & GUNN ORIGINAL (191957),6PB,16.75,TRUE
STANLEY PARK TRAIL HOPPER IPA (195696),6AR,13.25,TRUE
OLD YALE PALE ALE (207456),6AR,15.95,TRUE
RED TRUCK MIXER  (209341),12AR,23.95,TRUE
HOP VALLEY STASH  (251482),12AR,25.95,TRUE
YELLOW DOG HIGH 5 HAZY IPA  (26498),4AL,14.75,TRUE
VAN ISLAND OUTPOST MIX  (268444),12AR,23.95,TRUE
OLD YALE WESTCOAST IPA  (27640),6AR,16.95,TRUE
GIB WINTER SELECTION  (282924),12AR,24.95,TRUE
OK SPRINGS 1516 LAGER (30940),15AR,29.25,TRUE
STEAMWORKS GUMMY SOUR MIX  (325603),12AR,23.75,TRUE
OLD YALE RUBY GRAPEFRUIT WITBIER  (363578),4AL,18.95,TRUE
HOYNE ON THE DARK SIDE MIXER  (374267),12AR,27.25,TRUE
GIB MIXOLOGY  (374898),12AR,25.25,TRUE
LIGHTHOUSE FIELD BERRY WHEAT (382669),4AL,15.95,TRUE
LIGHTHOUSE TROPICAL STORM HAZY IPA  (382677),6AR,14.95,TRUE
GIB MINGLER (386233),12AR,23.45,TRUE
HOP VALLEY BUBBLE STASH  (386868),6AR,13.95,TRUE
FARMHOUSE BLACKBERRY PEACH SOUR  (388564),6AR,15.95,TRUE
PHILLIPS DINOSOUR STONEFRUIT  (398084),6AR,14.95,TRUE
PHILLIPS BLUE BUCK ALE (399717),6AR,13.45,TRUE
HOYNE SHINE ON HAZY IPA  (401271),6AR,14.95,TRUE
STANLEY PARK TRAIL HOPPER IPA  (410302),12AR,24.95,TRUE
VAN IS MYSTIC HAZE PALE ALE  (412919),6AR,13.75,TRUE
DEAD FROG CREAMSICLE JUICE BOX MIXER (422723),8AR,25.95,TRUE
WHISTLER FORAGER GLUTEN FREE LAGER (42427),6AR,15.95,TRUE
DEAD FROG HIPPITY HOP (443262),4AL,14.95,TRUE
DEAD FROG RASPBERRY WARHEAD IMPERIAL SOUR  (454270),4AL,15.45,TRUE
OLD YALE FRASER VALLEY LAGER (46370),12AR,24.95,TRUE
VAN IS WEST COAST IPA  (47098),6AR,14.95,TRUE
WHISTLER WINTER DUNKEL (473835),650ML,6.45,TRUE
HOYNE MIXER PACK  (47384),12AR,27.25,TRUE
VAN ISLAND SURFRIDER TROPICAL IPA  (476736),4AL,15.95,TRUE
DEAD FROG PEPPER LIME LAGER  (48056),6AR,13.95,TRUE
PARALLEL 49 PEACH BOD  (48102),473ML,2.45,TRUE
BOWEN ISLAND DEEP 6 LAGER (488379),6AR,8.95,TRUE
VAN ISLAND MYSTIC HAZE PALE ALE  (494008),473ML,3.5,TRUE
BARNSIDE BLOSSOM CHERRY GOSE  (494217),473ML,4.95,TRUE
RED TRUCK LAGER  (501864),15AR,27.75,TRUE
STEAMWORKS FLAGSHIP  (51210),8AR,16.95,TRUE
LIGHTHOUSE NUMBSKULL IPA (546457),650ML,6.95,TRUE
OLD YALE MANGO WHEAT (555250),6AR,15.95,TRUE
YELLOW DOG IPA (5629),4AR,14.25,TRUE
WHISTLER BEAR PAW HONEY LAGER (602326),6AR,12.75,TRUE
STANLEY PARK CAPTAIN HAZY IPA  (61323),473ML,2.95,TRUE
STEAMWORKS MASH UP MIX (62263),12AR,23.95,TRUE
PERSEPHONE GODDESS GOLDEN ALE (62851),6AR,10.95,TRUE
OLD YALE CRAFT COOLER PACK (656801),12AR,26.95,TRUE
YELLOW DOG PALE ALE (66753),4AR,14.25,TRUE
OLD STYLE PILSNER  (681155),24AR,39.45,TRUE
OLD YALE BLONDE ALE (76646),6AR,15.95,TRUE
BARNSIDE HONEYCOMB PALE  (78827),4AL,14.95,TRUE
FERNIE HOP TRICK MIXER  (860429),6AR,14.25,TRUE
STEAMWORKS MASH UP  (862375),8AR,21.95,TRUE
FARMHOUSE DAYBREAK HAZY IPA (87513),6AR,16.95,TRUE
STANLEY PARK FRUIT STAND MIXER (87740),12AR,25.95,TRUE
GIB WINTER ALE  (879197),6AR,12.45,TRUE
WAYNE GRETZKY LAGER (9090),4AL,10.25,TRUE
33 ACRES OF SUNSHINE CAN (91725),6AR,14.95,TRUE
PHILLIPS LITTLE WONDER MIX (95503),12AR,22.45,TRUE
LIGHTHOUSE SHIPWRECK IPA  (97105),6AR,14.95,TRUE
STANLEY PARK SUNSETTER (972422),6AR,13.25,TRUE
CANADIAN (104083),8AR,15.75,TRUE
SHAFTEBURY STRONG  (111557),6AR,8.95,TRUE
BALDERDASH WILY WOLVERINE  (111784),6AR,8.95,TRUE
COORS ORIGINAL (111933),15AR,29.45,TRUE
COORS ORIGINAL (111942),12PB,27.75,TRUE
COORS ORIGINAL  (111958),24AR,46.25,TRUE
BUD LIGHT (132274),8AR,15.25,TRUE
MILLER LITE (145222),15AR,30.25,TRUE
PACIFIC FREE  (160776),6AR,11.95,TRUE
MICHELOB ULTRA (170682),473ML,3.25,TRUE
BRAVA  (175661),15AR,27.45,TRUE
PACIFIC SCHWARZBOCK (18002),473ML,2.95,TRUE
PACIFIC PILSNER  (188342),24AR,31.95,TRUE
BUCK SHOT (202091),4AR,5.95,TRUE
BUD LIGHT (204115),24AR,44.25,TRUE
MICHELOB ULTRA  (236585),24AR,46.95,TRUE
WILY WOLVERINE STRONG LAGER  (253685),473ML,2.95,TRUE
BUSCH (283143),24AR,37.75,TRUE
PABST 5.9%  (302318),710ML,4.95,TRUE
SHAFTEBURY LAGER (303529),6AR,8.95,TRUE
SLEEMAN ORIGINAL DRAUGHT  (308387),24AR,44.75,TRUE
ORIGINAL 16 COPPER ALE  (347901),15AR,25.95,TRUE
SLEEMAN ORIGINAL DRAUGHT (379867),6AR,9.95,TRUE
BUD ZERO (38346),6AR,11.25,TRUE
SOL CERVEZA (388526),6PB,15.25,TRUE
BUSCH (411447),15AR,25.25,TRUE
BUD LIGHT PEACH   (412588),12AR,27.45,TRUE
SLEEMAN CLEAR MIX  (421201),12AR,24.95,TRUE
OK SPRING SUMMERLAND ORCHARD MIXER (426195),12AR,25.95,TRUE
AMSTEL ULTRA  (434624),12AR,27.95,TRUE
CORONA  (44143),12PB,29.95,TRUE
CORONA (44152),24PB,56.45,TRUE
CORONA  (44186),12AR,29.95,TRUE
BREWHOUSE ULTRA (446813),15AR,23.95,TRUE
PABST 5.9 (456440),6AL,15.95,TRUE
CARIBOO LIGHT LAGER  (459295),15AR,21.95,TRUE
BUDWEISER  (480353),36AR,62.45,TRUE
KOKANEE (482448),12AR,22.95,TRUE
ORIGINAL 16 PALE ALE (488809),15AR,25.95,TRUE
SLEEMAN CLEAR  (493466),24AR,42.95,TRUE
COORS ORIGINAL (500793),6AR,12.95,TRUE
SHAFTEBURY FOUR TWENTY LAGER (513952),15AR,19.45,TRUE
SHOCK TOP BELGIAN WHITE  (51868),15AR,31.25,TRUE
BUSCH LIGHT  (562892),15AR,25.95,TRUE
OK SPRING SUMMER CRAFT  (58743),12AR,25.95,TRUE
MOOSEHEAD RADLER MIX  (60564),12AR,26.25,TRUE
CARIBOO BLONDE  (613273),15AR,22.95,TRUE
BUSCH ICE  (61606),15AR,25.25,TRUE
OK SPRING 1516 LAGER (632083),6AR,12.45,TRUE
BUD LIGHT APPLE (644229),12AR,27.45,TRUE
SLEEMAN SELECTIONS (6529),12AR,24.95,TRUE
LUCKY FORCE 8 (666511),6AR,9.95,TRUE
BUD LIGHT CHELADA (675512),6AR,16.45,TRUE
EXTRA OLD STOCK (680876),15AR,21.45,TRUE
OK SPRING PALE ALE (681858),12AR,23.75,TRUE
COORS LIGHT (683748),8AR,15.75,TRUE
BUD LIGHT (683847),15AR,29.45,TRUE
BUDWEISER (687368),8AR,14.95,TRUE
BUSCH (696146),6AR,9.45,TRUE
BUD LIGHT (72959),36AR,62.45,TRUE
BUD LIGHT (760843),12AR,23.45,TRUE
CANADIAN COLD SHOTS (76813),8AR,12.25,TRUE
KOKANEE  (781542),36AR,62.45,TRUE
KOKANEE (795450),8AR,15.95,TRUE
BUDWEISER (850818),12AR,23.45,TRUE
BUD LIGHT LIME (863944),12AR,27.45,TRUE
ALEXANDER KEITHS IPA (900100),12PB,26.95,TRUE
CANADIAN (900118),12PB,26.45,TRUE
BUDWEISER (902619),6PB,13.95,TRUE
BUDWEISER (902627),12PB,26.45,TRUE
KOKANEE (903187),12PB,26.45,TRUE
EXTRA OLD STOCK (903393),6AR,9.25,TRUE
CANADIAN (904144),6AR,12.25,TRUE
BUDWEISER (904334),6AR,12.45,TRUE
OLD STYLE PILSNER (904540),6AR,9.75,TRUE
KOKANEE (904664),6AR,12.45,TRUE
CANADIAN (905844),24AR,44.25,TRUE
BUDWEISER (906354),24AR,44.95,TRUE
COORS LIGHT (906578),12PB,26.45,TRUE
COORS LIGHT (906628),6AR,12.25,TRUE
COORS LIGHT (906644),24AR,44.25,TRUE
BUD LIGHT (908665),6AR,12.25,TRUE
GOLD STRONG (913244),6AR,7.95,TRUE
KOKANEE (919373),24AR,44.95,TRUE
CANADIAN (923318),15AR,29.45,TRUE
BUDWEISER (925222),15AR,28.95,TRUE
COORS LIGHT (929620),15AR,29.45,TRUE
OLD STYLE PILSNER (929661),15AR,25.25,TRUE
STANLEY PARK PARK SESH LAGER  (93126),6AR,12.25,TRUE
GIB PEACH SOUR  (93570),6AR,13.95,TRUE
BREWHOUSE PILSNER  (93612),15AR,23.95,TRUE
KOKANEE (945543),15AR,29.45,TRUE
NEGRA MODELO (120501),6PB,15.95,TRUE
SAN MIGUEL PALE PILSEN  (123340),500ML,3.75,TRUE
WARSTEINER PILSENER (129783),6PB,16.95,TRUE
KINGFISHER PREMIUM INDIAN LAGER  (141162),330ML,3.45,TRUE
FAXE 10  (148401),500ML,3.25,TRUE
STELLA ARTOIS (15005),12AR,29.95,TRUE
STELLA ARTOIS (15011),12PB,29.95,TRUE
STELLA ARTOIS (15327),6PB,15.45,TRUE
DOS EQUIS XX SPECIAL LAGER (156174),6PB,16.25,TRUE
KRONENBOURG 1664 BLANC (157495),6PB,16.25,TRUE
EAGLE BANANA BREAD ALE  (189991),500ML,3.95,TRUE
HEINEKEN 0.0% (208002),6PB,11.75,TRUE
GUINNESS BLONDE LAGER (208903),4AL,12.95,TRUE
PACIFICO CLARA (262626),6PB,15.95,TRUE
CORONITAS (294322),6PB,10.45,TRUE
CORONA SUNBREW 0.0% (376001),6PB,11.75,TRUE
GUINNESS NITRO COLD BREW (380111),4AL,14.25,TRUE
GROLSCH LAGER (407205),6PB,15.25,TRUE
ASAHI SUPER DRY (439950),6PB,16.25,TRUE
CORONA EXTRA (44178),6PB,15.45,TRUE
CORONA LIGHT (442341),12AR,29.95,TRUE
CZECHVAR  (445411),6PB,15.25,TRUE
BAVARIA 86 IPA LAGER  (476110),500ML,3.25,TRUE
CORONA LIGHT (477568),6PB,15.25,TRUE
CARLSBERG (479857),6PB,15.45,TRUE
HOLLANDIA STRONG LAGER  (489826),500ML,3.95,TRUE
MODELO ESPECIAL  (490006),473ML,3.95,TRUE
PERONI NASTRO AZZURRO (525188),6PB,16.25,TRUE
ATLAS 12 EXTRA STRONG  (528570),500ML,4.25,TRUE
TIGER  (537258),500ML,2.65,TRUE
HOEGAARDEN (554089),6PB,15.45,TRUE
ASAHI SUPER DRY  (572313),500ML,4.25,TRUE
KRONENBOURG 1664 (6106),6PB,15.95,TRUE
BAVARIA ORIGINAL (646216),500ML,3.25,TRUE
MODELO ESPECIAL (6619),6PB,15.95,TRUE
BAVARIA ORIGINAL BREW (676437),6AR,16.25,TRUE
MODELO ESPECIAL (689018),12PB,32.45,TRUE
MARSTONS HOBGOBLIN IPA  (70845),500ML,2.95,TRUE
BAVARIA 86 ORIGINAL (77118),4AL,11.95,TRUE
KILKENNY IRISH CREAM ALE (793810),4AL,13.25,TRUE
SMITHWICKS PREMIUM RED ALE  (809517),500ML,3.95,TRUE
KRONENBOURG 1664 BLANC (835041),12PB,31.95,TRUE
BECKS (9209),6PB,14.75,TRUE
BAVARIA 86 EXTREME (99490),500ML,3.25,TRUE
MICHELOB ULTRA (132010),6AR,11.95,TRUE
MICHELOB ULTRA (233737),15AR,31.45,TRUE
BUDWEISER (234325),473ML,2.75,TRUE
BELGIAN MOON WHITE (273623),12AR,27.95,TRUE
SAPPORO (362216),4AL,12.95,TRUE
KRONENBOURG 1664 ROUGE (116512),SC,3.95,TRUE
MILLER HIGH LIFE (120793),473ML,2.45,TRUE
COORS LIGHT (127548),710ML,3.95,TRUE
CANADIAN (127563),710ML,3.95,TRUE
STELLA ARTOIS (15456),500ML,3.45,TRUE
COORS ORIGINAL (15815),710ML,4.95,TRUE
BUD LIGHT (161576),473ML,2.75,TRUE
COLT 45  (184923),710ML,3.95,TRUE
SNEAKY WEASEL CRAFT LAGER  (198948),473ML,2.15,TRUE
SAPPORO (224501),500ML,3.15,TRUE
RED HORSE MALT LIQUOR (234310),500ML,3.25,TRUE
DAB ORIGINAL  (254946),500ML,2.45,TRUE
PILSNER URQUELL (255380),500ML,3.45,TRUE
CARLSBERG (276188),500ML,2.95,TRUE
STIEGL GRAPEFRUIT RADLER (319327),500ML,3.55,TRUE
BECKS (322362),500ML,2.95,TRUE
HOLSTEN FESTBOCK (334276),500ML,2.65,TRUE
HEINEKEN (337949),500ML,3.55,TRUE
KRONENBOURG (340943),500ML,3.95,TRUE
KONIG PILSNER  (354928),500ML,2.45,TRUE
CARIBOO MALT  (385492),473ML,2.45,TRUE
CZECHVAR DARK (39806),500ML,3.25,TRUE
BUD LIGHT  (428755),740ML,4.05,TRUE
FAXE PREMIUM LAGER (431239),500ML,2.65,TRUE
CORONA  (44146),473ML,3.45,TRUE
GROLSCH LAGER  (459660),500ML,2.65,TRUE
CARIBOO GENUINE DRAFT (490730),473ML,2.45,TRUE
CORONA EXTRA  (495133),710ML,6.45,TRUE
HEINEKEN (523720),5L,39.25,TRUE
CZECHVAR (591230),500ML,3.15,TRUE
BAVARIA 86 ORIGINAL (592329),500ML,3.25,TRUE
LABATT BLUE DRY (595868),740ML,4.95,TRUE
KOKANEE  (646273),740ML,4.95,TRUE
ESTRELLA DAMM LAGER  (648261),500ML,2.65,TRUE
PERONI NASTRO AZZURRO (652487),500ML,3.55,TRUE
KRONENBOURG 1664 BLANC (685594),SC,3.55,TRUE
HEINEKEN (696609),710ML,5.75,TRUE
BUDWEISER  (756155),740ML,4.05,TRUE
GUINNESS PUB DRAUGHT (787416),500ML,3.85,TRUE
FAXE STRONG (80176),500ML,3.05,TRUE
KOZEL PREMIUM  (881144),500ML,2.75,TRUE
TSINGTAO  (892976),500ML,2.95,TRUE
MILLER GENUINE DRAFT (145207),12PB,28.95,TRUE
MILLER GENUINE DRAFT (145216),6PB,14.45,TRUE
MILLER GENUINE DRAFT (145456),473ML,2.95,TRUE
HEINEKEN (18),6PB,16.25,TRUE
SLEEMAN ORIGINAL DRAUGHT (207431),15AR,28.95,TRUE
GUINNESS PUB DRAUGHT (296244),4AL,13.95,TRUE
PABST BLUE RIBBON (33170),24AR,39.45,TRUE
MOOSEHEAD LAGER  (383414),15AR,29.25,TRUE
PILSNER URQUELL (388900),6PB,15.95,TRUE
SLEEMAN HONEY BROWN (488254),12AR,23.75,TRUE
SLEEMAN ORIGINAL DRAUGHT (496547),8AR,15.75,TRUE
HEINEKEN (531392),12PB,29.95,TRUE
ALEXANDER KEITHS RED AMBER ALE (533455),12PB,27.95,TRUE
GUINNESS PUB DRAUGHT (554469),8AR,24.95,TRUE
ALEXANDER KEITHS IPA (588681),15AR,31.25,TRUE
GUINNESS DRAUGHT (643650),6PB,15.95,TRUE
SLEEMAN HONEY BROWN (643858),6AR,13.45,TRUE
SLEEMAN CLEAR (67320),15AR,29.25,TRUE
SLEEMAN HONEY BROWN (681403),12PB,24.95,TRUE
SLEEMAN HONEY BROWN (681411),6PB,13.95,TRUE
MILLER GENUINE DRAFT (695023),15AR,30.45,TRUE
HEINEKEN (695106),12AR,29.95,TRUE
SLEEMAN CLEAR  (695437),8AR,15.75,TRUE
ROLLING ROCK (752410),15AR,25.95,TRUE
ROLLING ROCK (888),6AR,10.95,TRUE
SLEEMAN CREAM ALE (909994),6PB,13.95,TRUE
MOOSEHEAD LAGER (911404),12PB,26.25,TRUE
RICKARDS RED (927228),6PB,13.95,TRUE
CARIBOO GENUINE DRAFT (118726),24AR,32.25,TRUE
MILLER HIGH LIFE (120796),6AR,8.95,TRUE
MILLER HIGH LIFE (120799),15AR,24.75,TRUE
CARIBOO HONEY (125027),15AR,21.95,TRUE
PABST BLUE RIBBON (175612),15AR,25.25,TRUE
PABST BLUE RIBBON (175620),6AR,9.96,TRUE
SNEAKY WEASEL CRAFT LAGER (20555),15AR,20.95,TRUE
SNEAKY WEASEL HONEY BADGER (20558),6AR,8.95,TRUE
BRAVA  (222802),6AR,10.75,TRUE
CARIBOO GENUINE DRAFT (361527),12AR,17.25,TRUE
TNT STRONG (50401),8AR,11.95,TRUE
OLD MILWAUKEE (54965),8AR,13.75,TRUE
OLD MILWAUKEE (560987),12AR,20.95,TRUE
OLD MILWAUKEE (560995),6AR,10.45,TRUE
COLT 45 (561035),6AR,8.95,TRUE
RAINIER (606269),15AR,22.75,TRUE
OLD MILWAUKEE (606285),15AR,25.25,TRUE
OLD MILWAUKEE (606293),24AR,37.75,TRUE
CARIBOO GENUINE DRAFT (63149),6AR,8.95,TRUE
LUCKY LAGER (682930),15AR,26.95,TRUE
PACIFIC PILSNER (729665),15AR,20.45,TRUE
WILDCAT STRONG (861245),6AR,9.25,TRUE
CARIBOO MALT (888990),6AR,7.95,TRUE
PABST BLUE RIBBON  (89888),8AR,13.75,TRUE
LUCKY LAGER (904052),6AR,9.95,TRUE
LABATT BLUE (904318),6AR,10.95,TRUE
PACIFIC PILSNER (905000),6AR,8.95,TRUE
WILDCAT STRONG (905646),15AR,24.45,TRUE
LABATT BLUE (935155),15AR,26.95,TRUE
SNEAKY WEASEL CRAFT LAGER (994145),6AR,8.75,TRUE
STRONGBOW ORIGINAL (106054),8AR,23.45,TRUE
SOMERSBY APPLE (112593),4AL,14.95,TRUE
NO BOATS BC CIDER (116356),4AR,14.45,TRUE
ANGRY ORCHARD CRISP APPLE (1435),4AL,10.95,TRUE
LONETREE CIDER (168773),6AR,13.45,TRUE
GROWERS ROSE (171825),2L,11.45,TRUE
GROWERS ROSE (178740),6PB,13.95,TRUE
BUMPER CROP CRISP APPLE (187099),6AR,12.45,TRUE
GROWERS CLEM PINEAPPLE (209751),6AR,13.45,TRUE
OK BLACK CHERRY (225615),6AR,13.75,TRUE
GROWERS EXTRA DRY APPLE (240333),2L,11.95,TRUE
GROWERS PEACH (307371),2L,11.95,TRUE
GROWERS RASPBERRY (314906),2L,11.45,TRUE
FRASER VALLEY HOUSE CIDER (323691),750ML,15.95,TRUE
GROWERS STONE FRUIT  (34155),6AR,13.45,TRUE
GROWERS EXTRA DRY APPLE (34171),6AR,13.95,TRUE
GROWERS PEACH  (34176),6AR,13.95,TRUE
GROWERS ORCHARD BERRY (344119),2L,11.45,TRUE
OK GLACIER BERRY (388868),2L,11.45,TRUE
STRONGBOW ULTRA (394021),6AR,15.75,TRUE
SOMERSBY MIXER  (400195),8AR,22.95,TRUE
OKANAGAN VARITEY  (402792),12AR,23.75,TRUE
STRONGBOW ULTRA MIX (429504),12AR,28.95,TRUE
GROWERS RUBY GRAPEFRUIT (47027),2L,11.45,TRUE
OK PEAR (56788),2L,11.45,TRUE
OK BLACK CHERRY (573097),2L,11.45,TRUE
BUMPER CROP BLACK CHERRY  (59926),6AR,12.75,TRUE
BUMPER CROP MIXER (59929),12AR,23.95,TRUE
STRONGBOW ORIGINAL (622282),4AL,13.75,TRUE
OK PEAR (668947),6AR,13.75,TRUE
SOMERSBY BLACKBERRY (77357),4AL,14.95,TRUE
OK APPLE (833202),6AR,13.75,TRUE
REKORDERLIG MANGO RASPBERRY (873794),500ML,4.25,TRUE
ANGRY ORCHARD CRISP APPLE (879049),6PB,13.95,TRUE
OK APPLE (255404),473ML,4.45,TRUE
WIZE GRAPE SICLE (463720),473ML,3.55,TRUE
NUDE MIXER  (101290),24AR,50.95,TRUE
REMIX VODKA SODA VOL 1 (102619),12AR,25.95,TRUE
NUDE TEQUILA LIME  (104222),6AR,14.95,TRUE
BLACK FLY CRUSHED PEACH  (106308),473ML,3.95,TRUE
LEMON LIFE SELTZER VARIETY (106360),12AR,26.95,TRUE
YES GUY HARD MIXED  (106537),12AR,26.45,TRUE
GEORGIAN BAY TEQUILA MANGO SMASH  (106793),6AR,14.45,TRUE
COCO VODKA ORIGINAL  (107246),4AL,13.75,TRUE
NUTRL 7 BLACK CHERRY (113875),6AR,14.95,TRUE
CARIBOO ROOTBEER  (114127),473ML,3.45,TRUE
CLAMATO SPICY 945ML (1155),946ML,3.99,TRUE
JAW DROP GUSHING GRAPES (116424),6AR,12.25,TRUE
PALM BAY STRAWBERRY PINEAPPLE SPRITZ (120733),6AR,13.95,TRUE
MOTTS PICKLED BEAN (122645),6AR,16.95,TRUE
JACK DANIELS HONEY LEMONADE (122765),473ML,3.75,TRUE
SMIRNOFF WHITE PEACH ROSE (124385),4AR,12.95,TRUE
NUDE LIME (130170),6AR,14.95,TRUE
BLACK FLY GRAPEFRUIT GIN (135789),6AR,14.25,TRUE
NUDE PEACH  (135792),6AR,14.95,TRUE
NUTRL 7 BLACKBERRY  (13774),6AR,14.95,TRUE
AMERICAN VIN BARELY SWEET (145596),6AR,12.95,TRUE
TWISTED TEA (150885),12AR,24.95,TRUE
TWISTED TEA HALF & HALF (151095),6AR,12.75,TRUE
TWISTED TEA PARTY PACK (151106),12AR,24.75,TRUE
MUDDLERS MOSCOW MULE (151264),6AR,14.95,TRUE
PYUR COCONUT  (157961),6AR,12.95,TRUE
NUTRL MIXER (161579),12AR,28.95,TRUE
NUDE RASPBERRY LEMON (172591),6AR,14.95,TRUE
NUTRL MIXER (176022),24AR,50.95,TRUE
HEY YALL PORCH PACK (17713),12AR,25.75,TRUE
NUTRL LIME (180150),6AR,14.95,TRUE
AMERICAN VIN BARELY VARIETY (181418),12AR,26.95,TRUE
MOTTS CAESAR EXTRA SPICY (181941),6AR,16.95,TRUE
TWISTED TEA HALF & HALF (183272),12AR,24.75,TRUE
TWISTED TEA (183283),6AR,12.75,TRUE
PYUR MIXER (184179),12AR,23.95,TRUE
NUDE MIXER (188290),12AR,28.95,TRUE
NUTRL PINEAPPLE (204159),6AR,14.95,TRUE
SMIRNOFF ICE BERRY BLAST (208570),6AR,14.45,TRUE
PACIFIC COOL BLOOD ORANGE (2173),SC,2.95,TRUE
NUTRL 7 BLACK RASP (227739),473ML,3.95,TRUE
SMIRNOFF ICE PARTY PACK  (229360),12AR,28.95,TRUE
GEORGIAN BAY TEQUILA SODA MIX (232301),12AR,27.95,TRUE
NUTRL 7 BLACK RASPBERRY (24995),6AR,14.95,TRUE
MUSKOKA GRAPEFRUIT LONG DRINK  (253818),500ML,4.25,TRUE
MUSKOKA CRANBERRY LONG DRINK  (253821),500ML,4.25,TRUE
WIZE NOSTALGIA MIXER (261373),12AR,26.95,TRUE
MIKES PEACH FUZZ  (27907),6AR,13.95,TRUE
MIKES HARD LEMONADE VARIETY  (30401),12AR,29.95,TRUE
NUDE STRAWBERRY KIWI  (30580),6AR,14.95,TRUE
SIDE DOOR ESPRESSO MARTINI  (324979),4AR,15.95,TRUE
SNAPPLE SPIKED PEACH TEA VODKA (32976),6AR,12.45,TRUE
PACIFIC WAVE BLOOD ORANGE VODKA SODA  (336584),6AR,11.95,TRUE
SMIRNOFF ICE PEACH BELLINI (34210),6AR,14.75,TRUE
NUDE 15 FOR 12 BONUS (349151),15AR,29.95,TRUE
COORS SELTZER SPLASH (353069),12AR,26.95,TRUE
WALTER CAESAR EXTRA SPICY  (353105),473ML,3.95,TRUE
NUDE SEABUS MEMES LEMON LIME (353373),6AR,16.95,TRUE
STRAIT & NARROW NAILED IT GIN (358306),4AR,11.95,TRUE
WIZE DIRTY SHIRLEY  (358505),6AR,14.95,TRUE
WHITE CLAW MEGAWAVE VARIETY (365919),24AR,55.95,TRUE
OCASO TEQUILA SODA SALTED LIME  (369725),4AR,14.25,TRUE
REMIX GRAPEFRUIT LIME  (369739),6AR,12.25,TRUE
NUTRL COSMO  (369810),6AR,15.95,TRUE
COTTAGE VODKA WATER MIX (369912),12AR,29.95,TRUE
COTTAGE TEQUILA SODA VARIETY (369924),12AR,29.25,TRUE
WHITE CLAW VARIETY NO.2 (371474),12AR,28.95,TRUE
NUDE BLUE RASPBERRY LEMONADE (372579),6AR,14.95,TRUE
NUDE ORANGE LEMONADE (372584),6AR,15.25,TRUE
VIZZY MIXER 2022 (376976),12AR,27.95,TRUE
VIZZY SELTZER LEMONADE (376979),12AR,28.95,TRUE
NUDE PINK LEMONADE (377022),6AR,14.95,TRUE
BALI WATER MANGO (379961),6AR,13.95,TRUE
COORS SELTZER SLUSHIE VARIETY (380119),12AR,28.95,TRUE
COORS SELTZER SLUSHIE CHERRY  (380124),473ML,3.95,TRUE
TOPO CHICO SELTZER MARGARITA MIX (380150),12AR,29.45,TRUE
REMIX COCKTAIL MIXER  (381809),8AR,17.95,TRUE
ARIZONA HARD LEMON  (381817),12AR,24.95,TRUE
DUCHESS LEMON FIZZ  (387939),4AR,15.95,TRUE
DUCHESS CUCUMBER SPRITZ  (387960),4AR,15.95,TRUE
CAZADORES MARGARITA  (388105),4AR,15.75,TRUE
CAZADORES PALOMA  (388111),4AR,15.95,TRUE
CANADIAN CLUB GINGER ALE  (393700),6AR,12.95,TRUE
OLE TEQUILA MULE  (399637),4AR,15.95,TRUE
ABSOLUT BERRY VODKARITA COCKTAIL (399662),4AR,11.25,TRUE
WISERS OLD FASHIONED SPARKLING WHISKY COCKTAIL  (399788),4AR,11.75,TRUE
MALIBU PINEAPPLE BAY BREEZE  (399827),4AR,10.95,TRUE
PALM BAY SUNSHINE TWIST  (399846),6AR,13.45,TRUE
BUD SELTZER HARD SODA VARIETY  (399890),12AR,28.95,TRUE
NUTRL JUICD MIXER  (399926),12AR,32.95,TRUE
MIKES ORANGE CREAM  (399934),6AR,14.45,TRUE
NUTRL VODKA SODA JUICD TROPICAL PUNCH  (399937),6AR,15.95,TRUE
HEY YALL ORIGINAL 3L POUCH (400198),3L,20.95,TRUE
PALM BAY PARADISE TWIST (400273),6AR,13.95,TRUE
PALM BAY RAINBOW TWIST FROZEN POUCH (400278),ea,3.95,TRUE
MIKES RED FREEZE  (400289),6AR,14.75,TRUE
MIKES ICED TEA (400414),473ML,4.45,TRUE
THIRD BEACH VARIETY  (400419),12AR,27.95,TRUE
TEMPO GIN JUICE GRAPEFRUIT MANDARIN  (400422),6AR,14.45,TRUE
CORONA TROPICAL GRAPEFRUIT LEMONGRASS  (400427),6AR,15.45,TRUE
CORONA TROPICAL  CACTUS & LIME (400435),6AR,15.45,TRUE
MIKES HARD ICED TEA MIXER (400438),12AR,26.95,TRUE
MIKES HARD ICED TEA (400446),6AR,13.95,TRUE
JAW DROP BLUE BLAST  (400449),6AR,12.25,TRUE
CORONA TROPICAL MIXER  (400455),12AR,30.95,TRUE
NUTRL RASPBERRY (400534),6AR,14.45,TRUE
NUTRL 7 LEMON LIME  (400537),6AR,14.95,TRUE
TEMPO GIN BLACKBERRY LIME (400595),6AR,14.95,TRUE
TRULY MARGARITA MIXER (403150),12AR,28.95,TRUE
MOTTS CHIPOTLE LIME  (403777),473ML,3.05,TRUE
BLACK FLY LONG ISLAND ICED TEA (405217),4PB,12.95,TRUE
NUDE LEMONADE MIXER  (405616),12AR,28.95,TRUE
BACARDI MIX  (405922),12AR,27.95,TRUE
JAW DROP FAN FAVORITES MIX  (406218),12AR,25.95,TRUE
TRULY LAKESIDE MIX  (408886),12AR,29.95,TRUE
WHITE CLAW PINEAPPLE  (408992),750ML,34.95,TRUE
BOMBAY PRESSE (411072),750ML,33.45,TRUE
NUTRL GRAPE  (411317),6AR,14.95,TRUE
JAMESON GINGER AND LIME  (411635),4AR,10.25,TRUE
WILD THING SOUR GRAPE (412083),473ML,3.45,TRUE
WILD THING ORANGE CREAM SODA  (412104),473ML,3.45,TRUE
PACIFIC COOL STRAWBERRY RHUBARB  (413545),6AR,12.95,TRUE
VIZZY PAPAYA PASSIONFRUIT (415959),473ML,3.95,TRUE
NUDE V2 MIXER (418999),12AR,28.95,TRUE
MIKES HARD ICED TEA (421277),12AR,26.95,TRUE
PABST ICED TEA (423015),6AR,13.95,TRUE
GEORGIAN BAY WINTER SPIRIT (424832),12AR,26.95,TRUE
SOCIAL LITE MIXER (425816),12AR,28.95,TRUE
LOS FLAMINGOS MARGARITA  (425948),6AR,15.95,TRUE
LOS FLAMINGOS MOJITO  (425994),6AR,15.95,TRUE
LOS FLAMINGOS VARIETY  (426021),6AR,15.95,TRUE
BACARDI MOJITO  (42776),6AR,14.95,TRUE
MIKES HARD SOUR WATERMELON  (427977),473ML,4.45,TRUE
SMIRNOFF ICE CREAMSICLE BLAST (430130),6AR,14.75,TRUE
CAPTAIN MORGAN PINEAPPLE DAIQUIRI  (430149),4AR,11.25,TRUE
GEORGIAN BAY TEQUILA SMASH VARIETY PACK (430179),12AR,28.95,TRUE
CAPTAIN MORGAN MANGO MAI TAI (430283),4AR,13.25,TRUE
BLACK FLY RASPBERRY SMALL POUCH (430648),296ml,4.95,TRUE
BLACK FLY  GRAPE POUCH (430655),296ml,4.95,TRUE
2 HOOTS ORIGINAL HARD ICED TEA  (430681),12AR,26.25,TRUE
2 HOOTS HARD ICED TEA ORG (430788),473ML,3.95,TRUE
VIZZY MIMOSA MIXER (430791),12AR,28.25,TRUE
JOSE CUERVO SPARKLING PALOMA (430830),4AR,10.95,TRUE
SIMPLY SPIKED LEMONADE MIXER  (430838),12AR,28.45,TRUE
MARTINI FROSECCO FROZEN (43260),EACH,5.45,TRUE
GEORGIAN BAY TEQUILA SMASH PRICKLY PEAR  (432603),6AR,14.25,TRUE
NUDE ARCTIC BERRY (434109),6AR,14.95,TRUE
NUDE LEMONADE  (434319),6AR,14.95,TRUE
CABRON FIESTA MIX (434642),12AR,29.95,TRUE
HIGH NOON POOL PACK VARIETY (434679),8AR,27.25,TRUE
HEY YALL PINA COLADA HARD ICED  (434732),6AR,13.95,TRUE
HEY YALL HARD LEMONADE MIXER  (434764),12AR,26.95,TRUE
BALI WATER VODKA WATERMELON (43576),4AR,13.95,TRUE
PABST ICED TEA (436525),12AR,27.95,TRUE
SOCIAL LITE COCKTAIL SELTZER MIXER (440903),8AR,18.95,TRUE
GEORGIAN BAY TROPICAL SMASH PINEAPPLE MANDARIN (441372),473ML,3.75,TRUE
WIZE COTTON CANDY LEMONADE  (443835),6AR,14.95,TRUE
WHITE CLAW SURGE (444128),12AR,30.95,TRUE
MIKES HARD BLUE FREEZE FROZEN (44647),ea,3.95,TRUE
PALM BAY RAINBOW TWIST  (44657),6AR,13.95,TRUE
MIKES HARD WHITE FREEZE (44738),6AR,14.45,TRUE
BLACK FLY CLASSIC COCKTAIL MIXER  (454465),12AR,26.95,TRUE
BLACK FLY TEQUILA SUNRISE  (454526),473ML,3.95,TRUE
BLACK FLY GIN GREYHOUND  (454529),473ML,3.95,TRUE
WHITE CLAW SURF VARIETY  (454708),12AR,29.95,TRUE
WHITE CLAW BLACKBERRY  (454722),473ML,3.95,TRUE
WHITE CLAW BLACKBERRY  (454731),6AR,14.95,TRUE
MOTTS CLAMATO ORIGINAL  (454810),12AR,30.95,TRUE
SNAPPLE PINK LEMONADE  (454816),473ML,3.55,TRUE
DILLONS BLKBRY LEMON & ELDERFLOWER  (454856),6AR,14.95,TRUE
BEARFACE WHISKY GINGER & A HINT OF LIME  (454937),473ML,3.95,TRUE
MUDDLERS - MIXOLOGY MIXER CAN (45743),12AR,26.95,TRUE
PACIFIC COOL MIXER  (462306),12AR,23.95,TRUE
OLE TEQUILA VARIETY (467501),8AR,29.95,TRUE
MIKES HARD LEMONDADE (474866),6AR,14.25,TRUE
FOUNDERS ORIGINAL ULTIMATE COCKTAIL (476750),8AR,29.75,TRUE
WHITE CLAW PINEAPPLE  (477161),473ML,3.95,TRUE
WHITE CLAW ICED TEA VARIETY (477180),12AR,28.95,TRUE
MALIBU WATERMELON MOJITO (477249),4AR,11.25,TRUE
MALIBU STRAWBERRY DAIQUIRI  (477252),4AR,11.25,TRUE
SNAPPLE BLUEBERRY PASSIONFRUIT TEA  (477511),473ML,3.45,TRUE
BLACK FLY RUM PINA COLADA (477805),4PB,11.95,TRUE
BUD SELTZER MIXER  (48286),12AR,27.95,TRUE
BUD SELTZER MANGO  (48301),6AR,14.95,TRUE
COTTAGE ICED TEA MIXER (483765),12AR,25.95,TRUE
SMIRNOFF SELTZER PEACH LEMONADE (483832),6AR,13.95,TRUE
SMIRNOFF ICE VODKA SODA BERRY BLAST  (483837),6AR,14.75,TRUE
SMIRNOFF SELTZER LEMONADE VARIETY (483851),12AR,27.75,TRUE
HIGH NOON PINEAPPLE HARD SELTZER  (485602),4AR,13.25,TRUE
BLACK FLY CRUSHED MIXER  (489016),12AR,26.95,TRUE
BLACK FLY CRUSHED PINEAPPLE PUNCH  (489019),473ML,3.95,TRUE
BLACK FLY GIN FIZZ MIXER 2.0  (489024),12AR,26.95,TRUE
TRULY PUNCH MIXED  (493996),12AR,28.95,TRUE
DUCHESS LEMON DROP (495141),4PB,22.95,TRUE
NUTRL 7 MIXER PACK (50453),12AR,28.95,TRUE
DILLONS GIN VARIETY PACK  (512035),12AR,28.95,TRUE
WHITE CLAW PINEAPPLE  (512056),6AR,14.95,TRUE
BACARDI PINA COLADA  (512067),6AR,13.75,TRUE
ABSOLUT GRAPEFRUIT PALOMA COCKTAIL (512506),4AR,10.95,TRUE
MATT STEVE`S ORIGINAL (54971),473ML,3.95,TRUE
TRULY TROPICAL MIX (55213),12AR,28.95,TRUE
TEMPO GIN STRAWBERRY LEMON (55299),6AR,14.95,TRUE
TEMPO GIN MIXER (55379),12AR,28.95,TRUE
SMIRNOFF RASPBERRY ROSE (55448),4AR,12.95,TRUE
JAW DROP SUCKING LEMONS  (560565),6AR,13.45,TRUE
COTTAGE SODA MIXER (56782),12AR,25.95,TRUE
MOTTS CAESAR X SPICY (569400),4PB,12.45,TRUE
MOTTS CAESAR ORIGINAL (569418),4PB,12.45,TRUE
JOSE CUERVO MARGARITA  (572701),4AR,10.95,TRUE
PALM BAY ESCAPE TO THE SUN PACK (57380),12AR,26.95,TRUE
TRULY LEMONADE MIX  (59397),12AR,29.95,TRUE
TRULY BERRY MIX  (59400),12AR,27.25,TRUE
WHITE CLAW WATERMELON CAN (59587),6AR,14.45,TRUE
WHITE CLAW RASPBERRY  (59590),6AR,14.95,TRUE
XOXO BOTANICALS PEACH ORANG (59665),4AR,11.75,TRUE
ABSOLUT MANGO MULE (59706),4AR,11.25,TRUE
BLACK FLY CRANBERRY (600056),4PB,12.95,TRUE
VIZZY PINEAPPLE MANGO  (60234),473ML,3.95,TRUE
JACK DANIELS & COLA (629774),4AR,10.45,TRUE
PALM BAY PINEAPPLE MANDARIN ORANGE (65649),6AR,13.25,TRUE
NUDE BLACK CHERRY (66016),6AR,14.95,TRUE
EL JIMADOR TEQUILA MARGARITA (66068),4AR,9.95,TRUE
MUDDLERS PINK LEMONADE (66723),6AR,14.45,TRUE
JACK DANIELS WATERMELON (667790),6PB,15.45,TRUE
HEY YALL TAILGATE (667873),12AR,25.75,TRUE
MUDSHAKE FRENCH VANILLA (669523),4PB,14.75,TRUE
JACK DANIELS LEMONADE (687608),6PB,15.45,TRUE
STRAIT & NARROW PEAR RHUBARB  (68781),6AR,16.25,TRUE
MATT STEVE`S CAESAR HOT & SPICY (73943),473ML,3.95,TRUE
HEY YALL GEORGIA PEACH (744052),6AR,13.45,TRUE
JAW DROP SQUIRTING ORANGES (758086),6AR,12.25,TRUE
SMIRNOFF ICE (764894),6AR,14.45,TRUE
WHITE CLAW LIME  (7696),6AR,14.95,TRUE
WHITE CLAW BLACK CHERRY  (7699),6AR,14.95,TRUE
WHITE CLAW MANGO (7702),6AR,14.95,TRUE
ARIZONA SPIKED GREEN TEA (77035),6AR,12.95,TRUE
WHITE CLAW GRAPEFRUIT (7705),6AR,14.45,TRUE
BLACK FLY TEQUILA MARGARITA (770727),4PB,12.95,TRUE
WHITE CLAW VARIETY (7711),12AR,28.95,TRUE
MIKES HARD BLUE FREEZE  (79200),6AR,14.45,TRUE
BREEZER ORANGE SMOOTHIE (794651),6AR,11.25,TRUE
WIZE CREAM SODA  (79933),6AR,14.95,TRUE
GEORGIAN BAY GIN SMASH CITRUS (81748),6AR,14.25,TRUE
MUDSHAKE CHOCOLATE (824490),4PB,14.75,TRUE
HEY YALL HARD ICED TEA (824920),6AR,13.45,TRUE
PALM BAY RUBY GRAPEFRUIT (843052),6AR,13.25,TRUE
PALM BAY FROZEN DRAGONFRUIT WATERMELON (859256),ea,3.95,TRUE
SMIRNOFF ICE (874131),4PB,11.45,TRUE
ARIZONA HARD PEACH TEA  (87448),6AR,12.95,TRUE
VIZZY MIXER  (87455),12AR,28.95,TRUE
ARIZONA HARD MIXER  (87481),12AR,25.75,TRUE
DOS LOCOS ORNG MANGO TEQ SELTZER (88787),4AR,9.75,TRUE
BASK CRISP ROSE SPRITZ (88846),4AR,11.95,TRUE
AMERICAN VINTAGE HARD ICED TEA MIXER  (889469),12AR,26.95,TRUE
SMIRNOFF ICE PEACH & MANGO  (89163),6AR,14.75,TRUE
SMIRNOFF ICE BLUE RASP & BLACKBERRY (89175),6AR,14.75,TRUE
CROWN ROYAL WHISKY & COLA  (89253),6AR,15.95,TRUE
MOTTS CAESAR ORIGINAL (895557),6AR,16.95,TRUE
ARIZONA SPIKED GREEN TEA (101103),473ML,3.45,TRUE
BACARDI REV (101923),473ML,3.75,TRUE
JACK DANIELS NO SUGAR COLA (106790),473ML,3.45,TRUE
FOUNDERS GRAPEFRUIT TEQUILA (122479),473ML,3.95,TRUE
BLACK FLY SOUR RASBERRY (12656),473ML,3.45,TRUE
JACK DANIELS & COLA (131862),473ML,3.45,TRUE
GEORGIAN BAY VODKA SMASH  (145436),473ML,3.75,TRUE
DOS LOCOS LIME (149245),473ML,3.95,TRUE
BLACK FLY ORANGE (150704),473ML,3.45,TRUE
TWISTED TEA  (151103),473ML,3.25,TRUE
HEY YALL ORIGINAL  (178627),473ML,3.25,TRUE
DOS LOCOS SUNRISE  (181707),473ML,3.95,TRUE
GEORGIAN BAY CRANBERRY SMASH  (208796),473ML,3.35,TRUE
NUTRL PINEAPPLE (218140),473ML,3.95,TRUE
BLACK FLY CRUSHED PUNCH (2226),473ML,3.95,TRUE
BLACK FLY SOUR GRAPE (238782),473ML,3.95,TRUE
POP SHOPPE CREAM SODA (246538),473ML,3.25,TRUE
SMIRNOFF ICE BERRY BLAST (257124),473ML,4.75,TRUE
HIRES ROOT BEER (33087),473ML,3.75,TRUE
GEORGIAN BAY GIN SMASH  (33495),473ML,3.45,TRUE
SMIRNOFF RED SANGRIA (34122),473ML,4.75,TRUE
JAW DROP FLASHING PEACHES  (34184),473ML,3.95,TRUE
SIMPLY SPIKED LEMONADE (380092),355ML,2.95,TRUE
JAW DROP BLUE BLAST  (400452),473ML,3.95,TRUE
HEY YALL GEORGIA PEACH  (406085),473ML,3.95,TRUE
HEY YALL 7 PERCENT  (406088),473ML,3.95,TRUE
SMIRNOFF ICE PINK LEMONADE (424802),473ML,4.75,TRUE
SNAPPLE MANGO RASP (42779),473ML,3.45,TRUE
SMIRNOFF ICE CREAMSICLE BLAST  (430122),473ML,4.75,TRUE
NUTRL GRAPE  (434960),473ML,3.95,TRUE
COTTAGE VODKA SODA PEACH  (439188),473ML,4.25,TRUE
CANADIAN CLUB GINGER ALE  (440407),473ML,3.95,TRUE
BLACK FLY TEQUILA MARGARITA  (447493),473ML,3.95,TRUE
MIKES HARD WHITE FREEZE (44812),473ML,4.45,TRUE
VEX STRAWBERRY PINEAPPLE (451229),1L,6.95,TRUE
WHITE CLAW ICED TEA STRAWBERRY  (454716),473ML,3.95,TRUE
WHITE CLAW SURGE BLOOD ORANGE  (454725),473ML,3.95,TRUE
BLACK FLY LONG ISLAND ICED TEA (464485),473ML,3.95,TRUE
WHITE CLAW ICED TEA LEMON  (477172),473ML,3.95,TRUE
WEEKENDER BLUE RASPBERRY TETRA (477287),500ML,4.95,TRUE
ROCKSTAR VODKA (512046),473ML,3.65,TRUE
SMIRNOFF ICE PEACH LEMONADE  (512462),473ML,4.75,TRUE
WEEKENDER WATERMELON LIME TETRA (512561),500ML,3.95,TRUE
MIKES HARD BLUE FREEZE  (56567),473ML,4.45,TRUE
WHITE CLAW WATERMELON  (59559),473ML,3.95,TRUE
WHITE CLAW RASPBERRY (59562),473ML,3.95,TRUE
ROCKSTAR FRUIT PUNCH (614065),473ML,3.95,TRUE
SMIRNOFF ICE (PET) (623603),1L,8.25,TRUE
SNAPPLE LONG ISLAND ICED TEA (6990),473ML,3.45,TRUE
SNAPPLE STRAWBERRY KIWI  (746008),473ML,3.45,TRUE
ROCKSTAR BLUE RASPBERRY (747378),473ML,3.95,TRUE
HOLLOWS & FENTIMANS ALCOHOLIC GINGER (758904),500ML,6.75,TRUE
GEORGIAN BAY RASP RHUB (77011),473ML,3.75,TRUE
MOTTS SPICY  (771238),473ML,3.75,TRUE
WHITE CLAW CHERRY  (7714),473ML,3.45,TRUE
WHITE CLAW LIME (7719),473ML,3.95,TRUE
WHITE CLAW MANGO  (7722),473ML,3.95,TRUE
BACARDI SPICED COLA (774109),473ML,3.75,TRUE
SMIRNOFF ICE  (786673),473ML,4.75,TRUE
SNAPPLE PEACH  (788190),473ML,3.45,TRUE
BREEZER ORANGE (796235),1L,7.45,TRUE
JAMESON GINGER & LIME  (81188),473ML,3.45,TRUE
ERISTOFF CLEAR CUT (818336),473ML,2.95,TRUE
MOTTS CAESAR LIME (848630),473ML,3.75,TRUE
MOTTS ORIGINAL (876797),473ML,3.75,TRUE
CROWN ROYAL WHISKY COLA  (89246),473ML,4.95,TRUE
CROWN ROYAL PEACH TEA  (89637),473ML,4.95,TRUE
PINEAPPLE JUICE (1212),1L,3.49,TRUE
POWERADE FRUIT PUNCH  (150157),710ML,2.99,TRUE
GINGER ALE (1522),710ML,2.95,TRUE
GINGER ALE CRANBERRY (152656),500ML,2.25,TRUE
COKE ZERO (1544),710ML,2.95,TRUE
COKE DIET  (1545),710ML,2.99,TRUE
FIVE ALIVE CITRUS (155251),355ML,2.99,TRUE
FORBIDDEN LAVENDER LIME ELIXIR  (2001),500ML,13.25,TRUE
RED BULL ZERO 473ML (234422),473ML,5.99,TRUE
RED BULL APRICOT 250ML (240438),250,2.95,TRUE
RED BULL 355ML (31058),355ML,3.49,TRUE
RED BULL 250ML (32325),250,2.99,TRUE
RED BULL SUGARFREE 250ML (3844),250,2.99,TRUE
MONSTER KHAOTIC PUNCH (410758),473ML,4.99,TRUE
MONSTER AUSSI LEMONADE PUNCH (411997),473ML,4.99,TRUE
COKE Y3000 (412446),500ML,2.25,TRUE
ORANGE JUICE (596000),1L,3.49,TRUE
CLAMATO (65912006205),1.89L,5.99,TRUE
CLAMATO 945ML (65912006243),ea,3.99,TRUE
CLAMATO EXTRA SPICY (65912006489),1.89L,5.99,TRUE
CRANBERRY COCKTAIL (80089),1.89L,5.99,TRUE
MOTTS MARGARITA MIX (85215),1L,5.99,TRUE
MOTTS PINA COLADA MIX (85216),1L,5.99,TRUE
MOTTS MARTINI MIX (85217),1L,5.99,TRUE
RED BULL SUMMER EDITION JUNEBERRY (901443),250,2.95,TRUE
ST REMY VSOP (110221),375ML,16.95,TRUE
COURVOISIER VS (1925),750ML,68.95,TRUE
ASBACH URALT (21089),750ML,41.95,TRUE
VAN GOGH DOUBLE ESPRESSO (221879),750ML,52.95,TRUE
SLJIVOVICA PLUM BRANDY  (296764),750ML,33.45,TRUE
DUSSE  VSOP (349076),750ML,99.95,TRUE
ST REMY SIGNATURE (351831),750ML,47.45,TRUE
ST REMY VSOP (360719),1.75L,67.95,TRUE
DEAUBONNE V.S.O.P. (3830),375ML,12.95,TRUE
DEAUBONNE V.S.O.P. (4176),750ML,24.95,TRUE
FLOR DE CANA 12 YEAR OLD GLASS GIFT (423379),750ML,45.95,TRUE
HENNESSY VSOP (43703),750ML,116.95,TRUE
HENNESSY VS (8284),750ML,77.95,TRUE
ST REMY VSOP (8888),750ML,28.95,TRUE
E & J BRANDY (96065),750ML,26.95,TRUE
COURVOISIER V.S.O.P. (9902),750ML,109.95,TRUE
BOMBAY SAPPHIRE (103184),200ML,9.95,TRUE
GORDONS LONDON DRY (1040),750ML,24.95,TRUE
TANQUERAY LONDON DRY (1453),1.14L,41.95,TRUE
BEEFEATER PINK (172828),750ML,26.95,TRUE
GORDONS PREMIUM PINK (194305),750ML,24.95,TRUE
TANQUERAY FLOR DE SEVILLA (234821),750ML,29.95,TRUE
TANQUERAY LONDON DRY (2691),750ML,29.45,TRUE
MALFY GIN CON LIMONE (28908),750ML,49.95,TRUE
BOMBAY SAPPHIRE (316844),750ML,29.95,TRUE
TANQUERAY SPECIAL DRY (32425),375ML,15.95,TRUE
EMPRESS 1908 ELDERFLOWER ROSE GIN (325866),750ML,54.95,TRUE
BEEFEATER LONDON DRY (331),1.14L,37.95,TRUE
BOMBAY SAPPHIRE  (350231),50ML,3.95,TRUE
GORDONS LONDON DRY (3913),375ML,14.95,TRUE
HENDRICKS NEPTUNIA GIN (393807),750ML,63.95,TRUE
BOMBAY SAPPHIRE (404723),1.14L,42.95,TRUE
GEORGIAN BAY DISTILLERY GIN 10TH ANNIV (411559),750ML,50.95,TRUE
BOMBAY BRAMBLE (44753),750ML,33.45,TRUE
BEEFEATER LONDON DRY (570),750ML,27.45,TRUE
BOMBAY SAPPHIRE  (582973),1.75L,59.95,TRUE
BOMBAY SAPPHIRE (637058),375ML,15.95,TRUE
HENDRICKS SMALL BATCH (637504),750ML,55.95,TRUE
BEEFEATER BLOOD ORANGE (66942),750ML,26.95,TRUE
EMPRESS 1908 GIN (6968),750ML,54.95,TRUE
THE DAILY LONDON DRY GIN (71478),750ML,44.45,TRUE
AVIATION AMERICAN GIN (756510),750ML,44.95,TRUE
BOMBAY SAPPHIRE EAST LONDON DRY (774315),750ML,33.45,TRUE
TANQUERAY RANGPUR (785170),750ML,30.45,TRUE
GORDONS LONDON DRY (802),1.14L,35.95,TRUE
GEORGIAN BAY GIN (89530),750ML,31.95,TRUE
GORDONS SICILIAN LEMON GIN (90109),750ML,23.95,TRUE
BEEFEATER LEMON & GINGER BOTANICS (90170),750ML,27.95,TRUE
TANQUERAY LONDON DRY (96263),1.75L,56.95,TRUE
COINTREAU (10322),375ML,24.45,TRUE
SOUTHERN COMFORT (105601),750ML,25.95,TRUE
BACARDI COQUITO (105800),750ML,24.95,TRUE
99 PROOF XPRESS COFFEE (106802),50ML,1.95,TRUE
CAROLANS IRISH CREAM (108357),750ML,29.95,TRUE
REVEL STOKE PEANUT BUTTER (112306),750ML,28.95,TRUE
JAGERMEISTER (117101),750ML,36.95,TRUE
MALIBU COCONUT RUM (117382),375ML,14.45,TRUE
99 PROOF PEACH SCHNAPPS LIQUEUR (119140),50ML,2.5,TRUE
MALIBU PINEAPPLE (121293),750ML,25.95,TRUE
HPNOTIQ (122952),375ML,23.95,TRUE
KAHLUA (123315),750ML,29.95,TRUE
KAHLUA (123323),1.14L,39.95,TRUE
KAHLUA (123331),375ML,17.95,TRUE
BOLS CREME DE BANANES  (128876),750ML,20.95,TRUE
BOLS BLUE CURACAO  (129353),750ML,22.45,TRUE
KAMORA COFFEE (129411),750ML,19.95,TRUE
APEROL BARBIERI APERITIVO (144071),750ML,29.45,TRUE
MALIBU LIME (145739),750ML,22.95,TRUE
BOLS APRICOT BRANDY (15628),750ML,20.95,TRUE
BELLE DE BRILLET (157313),700ML,52.95,TRUE
99 PROOF BANANAS SCHNAPPS (163036),50ML,1.95,TRUE
DOORNKAAT SCHNAPPS (163311),750ML,25.95,TRUE
SAMBUCA LUXARDO (164780),375ML,16.95,TRUE
FRANGELICO (169441),750ML,29.95,TRUE
BOLS TRIPLE SEC (169568),750ML,22.95,TRUE
MARIE BRIZARD STRAWBERRY (1717),750ML,27.75,TRUE
FORTY CREEK CREAM (176779),1.14L,39.95,TRUE
GRAND MARNIER CORDON ROUGE (1784),750ML,48.45,TRUE
MIDORI MELON (1815),750ML,31.95,TRUE
FIREBALL (186625),50ML,1.95,TRUE
DRAMBUIE (1867),750ML,48.45,TRUE
SOUR PUSS APPLE (187977),375ML,11.75,TRUE
BAILEYS ORIGINAL (193490),1.75L,60.95,TRUE
MCGUINNESS CREME DE CACAO WHITE (196345),750ML,21.45,TRUE
JAGERMEISTER (199644),1.75L,76.95,TRUE
FIREBALL (20832),1.75L,48.95,TRUE
CAROLANS SALTED CARAMEL (213143),750ML,27.45,TRUE
AMARETTO DISARONNO (2253),750ML,29.95,TRUE
BENEDICTINE D.O.M (24174),750ML,33.95,TRUE
FORTY CREEK CREAM BUTTER TART (242178),750ML,31.95,TRUE
BAILEYS IRISH CREAM (266619),1.14L,42.45,TRUE
OUZO TSANTALIS (270371),750ML,24.95,TRUE
KAHLUA SALTED CARAMEL DELIGHT (278526),750ML,27.95,TRUE
BAILEYS SMORES (279495),750ML,31.95,TRUE
SOUTHERN COMFORT (293068),375ML,13.95,TRUE
BAJA ROSA (305748),750ML,26.95,TRUE
FIREBALL (306464),375ML,13.95,TRUE
DR. MCGILLICUDDY`S PEACH SCHNAPPS (313049),750ML,19.95,TRUE
MCGUINNESS PEPPERMINT SCHNAPPS (31690),750ML,22.45,TRUE
BAILEYS TIRAMISU (317622),750ML,32.45,TRUE
DISARONNO AMARETTO (31864),375ML,20.75,TRUE
BERENTZEN APPLE  (323055),750ML,21.95,TRUE
JAGERMEISTER (32813),200ML,12.45,TRUE
LUXARDO SAMBUCA PASSIONE NERA  (331496),750ML,32.95,TRUE
CAROLANS IRISH CREAM (335273),1.75L,57.95,TRUE
LUXARDO AMARETTO (339358),750ML,29.95,TRUE
AMARULA CREAM LIQUEUR (342246),750ML,28.95,TRUE
GOLDSCHLAGER CINNAMON SCHNAPPS (343145),750ML,29.95,TRUE
LUXARDO BLACK SAMBUCA (38847),50ML,4.45,TRUE
POLAR ICE BERRY BLIZZARD (399689),750ML,23.95,TRUE
LUXARDO SAMBUCA DEI CESARI  (40196),750ML,30.95,TRUE
WAYNE GRETZKY MAPLE CREAM (409891),750ML,29.95,TRUE
99 PROOF BLUE RASPBERRY SCHNAPPS LIQUEUR (409902),50ML,2.5,TRUE
DR MCGILLICUDDYS OFFEE (413664),750ML,19.95,TRUE
JAGERMEISTER (416867),1.14L,52.95,TRUE
TIA MARIA  MATCHA CREAM  (419221),750ML,29.95,TRUE
BAILEYS IRISH CREAM WITH PREMIUM MUG (422785),ea,34.95,TRUE
RYANS ORIGINAL CREAM (430672),1.14L,30.95,TRUE
FIREBALL (447953),750ML,24.95,TRUE
FIREBALL (447961),200ML,8.95,TRUE
CAROLANS COLD BREW (456687),750ML,28.95,TRUE
BAILEYS LIGHT (46400),750ML,31.45,TRUE
MALIBU COCONUT RUM (477836),750ML,25.95,TRUE
EVAN WILLIAMS ORIGINAL EGG NOG (47787),750ML,22.95,TRUE
ALIZE RED PASSION (499517),750ML,22.95,TRUE
GALLIANO (508168),375ML,23.95,TRUE
SOUR PUSS RASPBERRY (518670),750ML,21.45,TRUE
SOUR PUSS APPLE (518688),750ML,21.45,TRUE
SOUR PUSS RASPBERRY (520718),375ML,11.95,TRUE
MEAGHERS TRIPLE SEC  (5215),750ML,26.95,TRUE
GRAND MARNIER LOUIS ALEXANDRE (525261),750ML,94.95,TRUE
SOHO LYCHEE (532234),750ML,33.95,TRUE
MCGUINNESS ORANGE & BRANDY (53611),750ML,26.95,TRUE
SAMBUCA MIDNIGHT BLUE (545202),750ML,27.95,TRUE
MALIBU COCONUT (554212),1.14L,37.45,TRUE
RUMCHATA CREAM (560672),750ML,39.95,TRUE
HPNOTIQ (56465),750ML,42.95,TRUE
CABOT TRAIL MAPLE CREAM (584524),750ML,30.95,TRUE
BAILEYS IRISH CREAM (5959),750ML,31.45,TRUE
CAROLANS IRISH CREAM (602821),375ML,18.95,TRUE
MCGUINNESS PEACH SCHNAPPS (613331),750ML,21.45,TRUE
JAGERMEISTER (61408),375ML,21.45,TRUE
CAROLANS IRISH CREAM (623678),1.14L,39.95,TRUE
BAILEYS SALTED CARAMEL (624296),750ML,32.45,TRUE
TIA MARIA (630913),750ML,29.95,TRUE
FIREBALL (642264),1.14L,33.95,TRUE
OLE SMOKY BUTTER PECAN  (65119),50ML,5.15,TRUE
SOUR PUSS BLUE (68775),750ML,22.95,TRUE
DISARONNO VELVET (69289),750ML,29.95,TRUE
BAILEYS IRISH CREAM (74393),375ML,18.95,TRUE
FORTY CREEK NANAIMO BAR CREAM (74755),750ML,30.95,TRUE
RYANS ORIGINAL CREAM (753236),750ML,24.95,TRUE
FORTY CREEK CREAM (756007),750ML,30.95,TRUE
BAILEYS ALMOND (756999),750ML,32.45,TRUE
DRAGON MIST LIQUEUR (766972),750ML,24.75,TRUE
HENNESSY VS (791624),375ML,46.95,TRUE
BLUE CHAIR BAY COCONUT (843037),750ML,28.45,TRUE
BAILEYS ESPRESSO  (85749),750ML,32.45,TRUE
BUFFALO TRACE BOURBON CREAM (882738),750ML,28.45,TRUE
PHILLIPS ROOTBEER SCHNAPPS (888230),750ML,19.95,TRUE
PHILLIPS BUTTER RIPPLE SCHNAPPS (888412),750ML,19.95,TRUE
PHILLIPS BUTTER RIPPLE (888503),375ML,11.45,TRUE
SKREWBALL PEANUT BUTTER  (96923),750ML,64.95,TRUE
JAGERMEISTER COLD BREW (99350),750ML,38.95,TRUE
TWISTED CHOCOLATE 8PK BOX (105318),ea,18.95,TRUE
ON THE ROCKS KNOB CREEK OLD FASHIONED (108785),375ML,22.95,TRUE
ON THE ROCKS COSMOPOLITAN (108790),375ML,22.95,TRUE
ON THE ROCKS HORNITOS MARGARITA (108793),375ML,22.95,TRUE
TWISTED SEX ON THE BEACH (124974),ea,10.95,TRUE
TWISTED PUSSYCAT SHOTS (128719),ea,9.95,TRUE
GEKKEIKAN SAKE (158535),1.5L,22.95,TRUE
JOSE CUERVO PINK LEMONADE MARGARITA (1806),1.75L,22.95,TRUE
JOSE CUERVO WHITE PEACH MARGARITA (1809),1.75L,23.45,TRUE
LONG ISLAND ICED TEA  (223495),1.14L,28.95,TRUE
TWISTED MIAMI VICE SHOTS (350421),ea,9.95,TRUE
TWISTED CHINA WHITE SHOTS (355354),ea,9.95,TRUE
PARTYBALLZ BLUE RASPBERRY (360493),200ML,6.99,TRUE
PARTYBALLZ TROPICAL PUNCH (396969),200ML,6.99,TRUE
ALTOS MARGARITA CLASSIC LIME  (399673),750ML,25.95,TRUE
REVEL STOKE SMOREGASM (445583),750ML,28.95,TRUE
BACARDI PINEAPPLE MAI TAI (489339),750ML,15.95,TRUE
CAZADORES MARGARITA (511876),1.75L,29.95,TRUE
CAZADORES PALOMA (511893),1.75L,29.95,TRUE
ARBOR STRAW WHITE ZIN (512970),750ML,9.95,TRUE
DUCHESS COSMOPOLITAN (60605),4PB,22.95,TRUE
BACARDI ISLAND PUNCH (61031),750ML,15.95,TRUE
BACARDI MOJITO COCKTAIL (772533),750ML,15.95,TRUE
TWISTED B52 SHOTS (773853),ea,10.95,TRUE
TWISTED SUPERSTAR SHOTS (885756),ea,9.95,TRUE
BACARDI SPICED  (105778),1.14L,39.95,TRUE
BACARDI SPICED RUM (105781),750ML,28.95,TRUE
BACARDI SPICED (105794),375ML,14.95,TRUE
BLUE CHAIR BAY VANILLA RUM (106357),750ML,29.95,TRUE
HAVANA CLUB CUBAN SMOKY (107362),750ML,40.95,TRUE
BACARDI LIME (107745),750ML,24.45,TRUE
BACARDI BLACK (112433),750ML,23.95,TRUE
BACARDI GOLD (1206),750ML,23.95,TRUE
CAPTAIN MORGAN DELUXE (12534),750ML,23.95,TRUE
FLOR DE CANA ANEJO (134676),750ML,28.95,TRUE
CAPTAIN MORGAN WHITE (13789),375ML,12.45,TRUE
CAPTAIN MORGAN WHITE (1438),1.14L,34.45,TRUE
CAPTAIN MORGAN GINGERBREAD SPICED (147672),750ML,31.45,TRUE
APPLETON ESTATE VX (177808),750ML,26.95,TRUE
BACARDI SUPERIOR WHITE (179283),3L,105.95,TRUE
BUMBU X0 RUM (185921),750ML,64.95,TRUE
BACARDI 10 YEAR OLD (189542),750ML,41.95,TRUE
KRAKEN BLACK SPICED (199455),750ML,31.95,TRUE
LAMBS NAVY (2063),750ML,22.95,TRUE
LAMBS PALM BREEZE (2089),750ML,22.95,TRUE
CAPTAIN MORGAN PRIVATE STOCK SPICED (217414),750ML,38.45,TRUE
CAPTAIN MORGAN DARK (2196),750ML,23.95,TRUE
BACARDI GOLD (2220),1.14L,34.95,TRUE
HAVANA CLUB 3 YEAR OLD (222554),750ML,28.45,TRUE
BACARDI SPICED  (22908),1.75L,57.95,TRUE
CAPTAIN MORGAN ORANGE VANILLA (2323),750ML,29.95,TRUE
BACARDI SUPERIOR WHITE (271338),200ML,8.45,TRUE
BACARDI GOLD (2808),375ML,12.45,TRUE
BUMBU CRAFT RUM (281451),750ML,56.95,TRUE
APPLETON ESTATE VX (331975),1.14L,40.45,TRUE
FLOR DE CANA GRAN RESERVA (340745),750ML,34.95,TRUE
BACARDI RESERVA OCHO RYE CASK FINISH (360308),750ML,39.95,TRUE
LEMON HART BLACKPOOL SPICED (385328),750ML,30.95,TRUE
BACARDI LIMON (398552),750ML,24.45,TRUE
BACARDI OCHO GIFT TUBE (415120),ea,37.95,TRUE
CLOUD HOUSE COLD BREW INFUSED COLOMBIAN RUM (423263),750ML,35.45,TRUE
EL DORADO 12 YEAR OLD (444711),750ML,46.95,TRUE
CAPTAIN MORGAN CHERRY VANILLA (448041),750ML,30.95,TRUE
BACARDI SUPERIOR WHITE (45898),1.75L,53.95,TRUE
APPLETON ESTATE VX (466854),375ML,15.95,TRUE
SAILOR JERRY SPICED RUM (466891),375ML,18.95,TRUE
BRUGAL RON ANEJO (468736),750ML,29.95,TRUE
BACARDI SUPERIOR WHITE PET (486621),1.14L,34.95,TRUE
BACARDI 8 YEAR OLD (492520),750ML,35.95,TRUE
LEMON HART (497206),750ML,29.45,TRUE
LEMON HART (497214),375ML,14.95,TRUE
CAPTAIN MORGAN SPICED (500496),200ML,11.45,TRUE
CAPTAIN MORGAN SPICED (500504),375ML,18.95,TRUE
CAPTAIN MORGAN SPICED (500512),750ML,29.95,TRUE
CAPTAIN MORGAN SPICED (500538),1.14L,41.95,TRUE
CAPTAIN MORGAN SPICED (500546),1.75L,62.95,TRUE
LAMBS WHITE (5009),750ML,22.95,TRUE
BACARDI TROPICAL (511802),750ML,24.45,TRUE
KRAKEN BLACK SPICED (522086),1.75L,68.95,TRUE
BUMBU CRAFT RUM (530871),375ML,30.95,TRUE
HAVANA CLUB 7 YEAR OLD (53140),750ML,37.45,TRUE
CAPTAIN MORGAN -SPICED (562009),50ML,4.45,TRUE
BACARDI SUPERIOR WHITE (596),375ML,12.45,TRUE
CAPTAIN MORGAN PINEAPPLE RUM (614289),750ML,24.45,TRUE
LAMBS NAVY (6189),375ML,11.95,TRUE
MYERS`S ORIGINAL DARK (63459),750ML,31.95,TRUE
CAPTAIN MORGAN SPICED PET (640136),750ML,29.95,TRUE
CAPTAIN MORGAN SLICED APPLE (74220),750ML,31.95,TRUE
BACARDI SPICED RUM (75297),50ML,3.95,TRUE
BACARDI SUPERIOR WHITE PET (772525),750ML,23.95,TRUE
BACARDI COCONUT (773747),750ML,22.95,TRUE
SAILOR JERRY SPICED NAVY (786376),1.14L,47.45,TRUE
SAILOR JERRY SPICED NAVY (786988),750ML,34.45,TRUE
CAPTAIN MORGAN 100 BOLD (791020),750ML,31.45,TRUE
DIPLOMATICO RESERVA EXCLUSIVA (807495),750ML,65.95,TRUE
SANTA TERESA 1796 RON ANTIGUO DE SOLERA (820324),750ML,76.95,TRUE
LAMBS NAVY (8458),1.14L,34.45,TRUE
BACARDI GOLD (85811),1.75L,53.95,TRUE
OLD MONK 7 YEAR OLD BLENDED (868901),750ML,31.95,TRUE
KRAKEN BLACK SPICED (9845),375ML,17.95,TRUE
CROWN ROYAL (10108),1.14L,41.45,TRUE
JAMESON IRISH WHISKY (10157),750ML,39.45,TRUE
MAKERS MARK KENTUCKY BOURBON (103747),750ML,46.95,TRUE
BASIL HAYDENS KENTUCKY BOURBON (106120),750ML,57.95,TRUE
CROWN ROYAL (112110),50ML,4.75,TRUE
JACK DANIELS TENNESSE APPLE (112357),750ML,33.95,TRUE
WISERS SPECIAL BLEND (112672),1.75L,52.95,TRUE
GIBSONS RARE 12 YEAR OLD (113837),375ML,18.45,TRUE
CROWN ROYAL (114694),1.75L,61.95,TRUE
JAMESON IRISH WHISKY (114739),1.75L,81.95,TRUE
JACK DANIELS (119743),375ML,20.45,TRUE
CROWN ROYAL SALTED CARAMEL (120905),750ML,29.95,TRUE
WISERS SPECIAL BLEND (1222),750ML,22.95,TRUE
FORTY CREEK DOUBLE BARREL (124134),750ML,39.95,TRUE
CANADIAN CLUB (125),1.14L,34.45,TRUE
ALBERTA PREMIUM (1305),1.14L,34.45,TRUE
CROWN ROYAL 750ML GIFT PACK (136162),EACH,34.95,TRUE
WISERS SPECIAL BLEND (1412),1.14L,34.45,TRUE
JAMESON COLD BREW (14220),750ML,38.45,TRUE
CROWN ROYAL (1487),750ML,28.95,TRUE
CROWN BLACK  (1515),50ML,4.95,TRUE
WISERS OLD FASHIONED  (162782),750ML,27.95,TRUE
SPICEBOX SPICED WHISKY (169987),750ML,27.95,TRUE
ROYAL RESERVE (1735),375ML,12.95,TRUE
WISERS DELUXE (1800),1.14L,39.95,TRUE
JACK DANIELS (182931),1.75L,73.95,TRUE
JACK DANIELS HONEY (185959),750ML,37.45,TRUE
PROPER 12 IRISH WHISKEY (186329),750ML,38.45,TRUE
GIBSONS STERLING (189209),1.14L,41.45,TRUE
GIBSONS STERLING (189217),750ML,28.95,TRUE
CROWN ROYAL PEACH (193238),750ML,29.95,TRUE
GIBSONS RARE 12 YEAR OLD (200741),1.75L,72.95,TRUE
GOLD BAR PREMIUM BLEND WHISKEY (201440),750ML,74.95,TRUE
MIDLETON GREEN SPOT (201770),750ML,82.95,TRUE
ANGELS ENVY KENTUCKY STRAIGH BOURBON (205144),750ML,79.95,TRUE
JIM BEAM KENTUCKY BOURBON (21378),750ML,31.95,TRUE
GIBSONS FINEST STERLING (215038),1.75L,62.95,TRUE
DEWARS WHITE LABEL (216779),1.75L,58.95,TRUE
OLD FORESTER SIGNATURE 86 PROOF (21822),750ML,36.95,TRUE
JAMESON IRISH WHISKY (230987),375ML,21.95,TRUE
REIFEL RYE (250013),750ML,43.95,TRUE
CANADIAN CLUB (251371),200ML,7.75,TRUE
WISERS 10 YEAR OLD  (263304),750ML,32.95,TRUE
CROWN ROYAL VANILLA (265165),750ML,29.95,TRUE
GLENLIVET FOUNDERS RESERVE (272369),1.14L,98.95,TRUE
WAYNE GRETZKY WHISKY GIFT PACK (278476),ea,23.95,TRUE
KNOB CREEK BOURBON  (326009),750ML,53.95,TRUE
WISERS 10 YR WHISKY GIFT  (337405),ea,34.95,TRUE
WISERS DELUXE (33928),1.75L,59.95,TRUE
CANADIAN CLUB (34637),1.75L,52.95,TRUE
WISERS SPECIAL BLEND (3517),375ML,11.95,TRUE
GIBSONS RARE 12 YEAR OLD (3558),750ML,35.95,TRUE
WISERS DELUXE  YELLOWSTONE LIMITED  (355870),750ML,29.95,TRUE
SUNTORY WHISKY HIBIKI JAPANESE HARMONY (358390),750ML,161.95,TRUE
JACK DANIELS GENTLEMAN JACK RARE TENNESSEE (377994),750ML,43.95,TRUE
LOT NO 40 COPPER POT  (3822),750ML,42.45,TRUE
HOWLER HEAD  (386990),750ML,54.95,TRUE
ALBERTA PREMIUM (3871),375ML,12.45,TRUE
CENTENNIAL CANADIAN RYE LIMITED EDITION (387209),750ML,24.95,TRUE
JACK DANIELS HONEY (391755),375ML,20.45,TRUE
WISERS DELUXE (413716),200ML,10.95,TRUE
JACK DANIELS (41384),750ML,37.45,TRUE
WHITE LIGHTNING MAX (413843),750ML,23.95,TRUE
CANADIAN CLUB (42),750ML,23.45,TRUE
CROWN ROYAL NORTH HARVEST RYE (429704),750ML,35.95,TRUE
CROWN ROYAL GIFT TIN/WITH 2 SHOT GLASSES (434266),ea,22.45,TRUE
THE BUSKER SINGLE MALT IRISH WHISKEY (437655),750ML,49.95,TRUE
FORTY CREEK COPPER POT RESERVE (443523),750ML,31.45,TRUE
CANADIAN CLUB CLASSIC (455340),750ML,31.45,TRUE
CANADIAN CLUB  (463),375ML,12.45,TRUE
FORTY CREEK BARREL SELECT (468561),1.75L,56.95,TRUE
FORTY CREEK BARREL SELECT (47290),375ML,15.95,TRUE
JACK DANIELS SINGLE BARREL SELECT (480616),750ML,67.95,TRUE
WOODFORD RESERVE  (480624),750ML,53.95,TRUE
WISERS WHISKY BLENDING KIT (481113),ea,40.95,TRUE
DILLONS THREE OAKS (487061),750ML,49.95,TRUE
ALL SEASONS RESERVE (492275),750ML,33.95,TRUE
JACK DANIELS BONDED 1938 SERIES (494107),700ML,46.95,TRUE
JEFFERSONS KENTUCKY STRAIGHT BOURBON  (4986),750ML,59.95,TRUE
CANADIAN CLUB 100%  (501668),750ML,24.95,TRUE
CROWN ROYAL (529826),3L,132.95,TRUE
JACK DANIELS (53579),3L,142.95,TRUE
JIM BEAM BLACK EXTRA AGED (537209),750ML,31.95,TRUE
ALBERTA PREMIUM (54213),1.75L,52.95,TRUE
FORTY CREEK BARREL SELECT (550715),750ML,27.45,TRUE
BIB & TUCKER BOURBON (565952),750ML,119.95,TRUE
CANADIAN FIVE STAR (58404),1.75L,48.95,TRUE
BLACK DOG TRIPLE GOLD RESERVE (602664),750ML,62.95,TRUE
WISERS DELUXE (602730),3L,134.95,TRUE
FORTY CREEK BARREL SELECT (605733),1.14L,38.45,TRUE
CROWN ROYAL APPLE (609644),750ML,29.95,TRUE
BUSHMILLS BLACK BUSH (61374),750ML,40.45,TRUE
WAYNE GRETZKY WHISKY (6291),750ML,34.95,TRUE
JACK DANIELS TENNESSEE FIRE (630707),750ML,37.45,TRUE
CROWN ROYAL BLACK (641175),750ML,31.95,TRUE
FORTY CREEK SPIKE HONEY SPICED (655266),750ML,25.95,TRUE
BULLEIT BOURBON (690255),375ML,23.95,TRUE
WISERS APPLE (741496),750ML,26.45,TRUE
JIM BEAM HONEY (747519),750ML,26.95,TRUE
BULLEIT FRONTIER BOURBON (774273),750ML,44.95,TRUE
ROYAL CHALLENGE INDIA (802694),750ML,31.95,TRUE
SIGNATURE RARE (848861),750ML,39.95,TRUE
WILD TURKEY 81 PROOF (850578),750ML,32.95,TRUE
SUNTORY WHISKY TOKI (855445),750ML,61.95,TRUE
CROWN ROYAL (867119),200ML,11.95,TRUE
ANTIQUITY BLUE (880039),750ML,41.75,TRUE
GIBSONS RARE 12 YEAR OLD (8854),1.14L,51.95,TRUE
JACK DANIELS (89177),1.14L,49.45,TRUE
WISERS DELUXE (893),750ML,27.45,TRUE
CROWN ROYAL (9043),375ML,17.45,TRUE
WAYNE GRETZKY MAPLE WHISKY (92475),750ML,34.95,TRUE
JAMESON IRISH WHISKY (928374),1.14L,54.95,TRUE
DEWARS VARIETY COLLECTION (94480),ea,60.95,TRUE
WISERS DELUXE (9522),375ML,16.45,TRUE
ALBERTA PREMIUM (984),750ML,22.95,TRUE
DEWARS 8YR CARIBBEAN SMOOTH (10102),750ML,32.45,TRUE
JOHNNIE WALKER RED LABEL (1099),750ML,31.95,TRUE
DEWARS WHITE LABEL (11130),750ML,27.45,TRUE
GRANTS SHERRY CASK 8 YO (112370),750ML,44.95,TRUE
JAMESON CASKMATES IPA IRISH WHISKEY (121877),750ML,39.95,TRUE
GLENFIDDICH 12 YEAR OLD (12385),750ML,73.95,TRUE
GRANTS TRIPLE WOOD (129031),1.14L,41.45,TRUE
BALLANTINES FINEST (1610),750ML,29.95,TRUE
GLENLIVET FOUNDERS RESERVE (168992),1.75L,143.95,TRUE
GLENMORANGIE 12 YEAR OLD (169581),750ML,119.95,TRUE
JOHNNIE WALKER 12 YEAR BLACK (17970),1.14L,87.95,TRUE
MACALONEYS CAOL ILA & BUNNAHABHAIN (186469),750ML,124.95,TRUE
MACALONEYS BLAIR ATHOL & MACDUFF (186470),750ML,124.95,TRUE
JOHNNIE WALKER 15 YEAR GREEN  (196188),750ML,101.95,TRUE
HIGHLAND PARK 12 YEAR OLD (204560),750ML,79.95,TRUE
LAGAVULIN 16 YEAR OLD (207126),750ML,165.95,TRUE
GLENLIVET 12 YEAR OLD (21097),750ML,77.95,TRUE
GRANTS TRIPLE WOOD (216606),375ML,15.95,TRUE
JOHNNIE WALKER EXPLORER PACK (226220),ea,49.95,TRUE
GLENFIDDICH 12 YEAR OLD (229443),1.14L,107.95,TRUE
JOHNNIE WALKER RED LABEL (2311),1.14L,45.95,TRUE
J & B RARE (2360),750ML,28.95,TRUE
OBAN 14 YEAR OLD (243824),750ML,150.95,TRUE
GRANTS TRIPLE WOOD (247056),1.75L,59.95,TRUE
TOMATIN 12 YEAR OLD (291302),750ML,74.95,TRUE
JOHNNIE WALKER BLUE LABEL (308155),750ML,344.95,TRUE
GRANTS TRIPLE WOOD (31112),750ML,28.95,TRUE
JOHNNIE WALKER RED LABEL (317429),1.75L,64.95,TRUE
BALLANTINES FINEST (3186),1.14L,42.45,TRUE
J & B RARE (3343),1.14L,39.95,TRUE
GLENLIVET 18 YEAR OLD (335901),750ML,170.95,TRUE
JOHNNIE WALKER RED LABEL (3467),375ML,17.95,TRUE
MACALLAN 12 YEAR OLD DOUBLE CASK (34672),750ML,129.95,TRUE
THE FAMOUS GROUSE (35238),1.14L,42.45,TRUE
DEWARS ILEGAL SMOOTH (42303),750ML,31.95,TRUE
BALLANTINES FINEST (5041),375ML,16.95,TRUE
THE FAMOUS GROUSE (52050),750ML,28.95,TRUE
GLENLIVET 14 YEAR OLD (531752),750ML,89.95,TRUE
BALLANTINES FINEST (55681),1.75L,61.95,TRUE
CHIVAS ROYAL SALUTE (56440),750ML,195.95,TRUE
GLENLIVET CARIBBEAN RESERVE (59077),750ML,69.95,TRUE
GLENLIVET 15 YEAR OLD (603050),750ML,108.95,TRUE
GLENKINCHIE 12 YEAR OLD (628636),750ML,94.95,TRUE
GRANTS TRIPLE WOOD 12 YO (63220),750ML,65.95,TRUE
GLENLIVET FOUNDERS RESERVE (647834),750ML,69.95,TRUE
CHIVAS REGAL 12 YEAR OLD (68312),1.75L,108.95,TRUE
TULLAMORE DEW (71746),750ML,39.95,TRUE
DALMORE 12 YEAR OLD (73999),750ML,114.95,TRUE
CHIVAS REGAL 12 YEAR OLD (7617),750ML,60.95,TRUE
ABERFELDY 12 YEAR OLD (773002),750ML,69.95,TRUE
JOHNNIE WALKER RED LABEL (785063),3L,119.95,TRUE
JOHNNIE WALKER 12 YEAR BLACK (7880),750ML,63.95,TRUE
MONKEY SHOULDER (789768),750ML,56.95,TRUE
BELLS ORIGINAL (8599),750ML,24.45,TRUE
GLENLIVET 12 YEAR OLD (868380),1.14L,108.95,TRUE
CHIVAS REGAL 12 YEAR OLD (9274),1.14L,85.95,TRUE
GLENMORANGIE 10 YEAR (94052),750ML,74.95,TRUE
JOHNNIE WALKER 12 YEAR BLACK (96412),1.75L,109.95,TRUE
CAZADORES REPOSADO (116296),375ML,22.95,TRUE
HORNITOS REPOSADO (143040),750ML,44.45,TRUE
HERRADURA SILVER (163896),750ML,76.95,TRUE
SAUZA SILVER (17384),1.14L,54.95,TRUE
PADRE AZUL SILVER (180709),750ML,119.95,TRUE
PADRE AZUL REPOSADO (180726),750ML,145.95,TRUE
1800 SILVER  (184294),375ML,21.95,TRUE
SAUZA GOLD (233742),1.14L,55.95,TRUE
1800 COCONUT (243782),750ML,42.95,TRUE
CALIROSA ROSA BLANCO (250776),750ML,99.95,TRUE
DON JULIO ANEJO 1942 (291237),750ML,314.95,TRUE
SAUZA GOLD  (294447),375ML,19.95,TRUE
PATRON REPOSADO (311274),750ML,95.95,TRUE
PATRON ANEJO (311282),750ML,105.95,TRUE
DON JULIO PRIMAVERA (366755),750ML,219.95,TRUE
PATRON SILVER (391250),750ML,85.95,TRUE
SAUZA GOLD (419762),200ML,11.95,TRUE
PATRON GIFTPACK (424695),ea,34.95,TRUE
HORNITOS BLACK BARREL (425728),750ML,48.95,TRUE
CAZADORES REPOSADO (426987),50ML,3.95,TRUE
CASAMIGOS BLANCO (438960),750ML,83.95,TRUE
DON JULIO 70TH (445133),750ML,123.95,TRUE
JOSE CUERVO GOLD (451153),375ML,21.95,TRUE
JOSE CUERVO GOLD (451161),750ML,36.95,TRUE
JOSE CUERVO GOLD (451187),1.14L,52.95,TRUE
HERRADURA REPOSADO (452615),750ML,80.95,TRUE
TEREMANA BLANCO (45690),750ML,56.95,TRUE
818 REPOSADO (457595),750ML,85.95,TRUE
818 BLANCO (457604),750ML,75.95,TRUE
EL JIMADOR REPOSADO (460360),750ML,41.45,TRUE
EL JIMADOR BLANCO (460378),750ML,40.45,TRUE
CASAMIGOS REPOSADO TEQUILA (483722),1.75L,202.95,TRUE
EL JIMADOR REPOSADO (576744),375ML,26.95,TRUE
HORNITOS PLATA (65185),750ML,42.95,TRUE
PATRON REPOSADO (67895),375ML,49.95,TRUE
DON JULIO REPOSADO (698621),750ML,99.95,TRUE
TEREMANA REPOSADO  (768184),750ML,61.95,TRUE
CAZADORES REPOSADO (772293),750ML,43.95,TRUE
CAZADORES ANEJO (772376),750ML,47.95,TRUE
CAZADORES BLANCO (773143),750ML,39.95,TRUE
DON JULIO BLANCO (77321),750ML,89.95,TRUE
CASAMIGOS REPOSADO (852053),750ML,93.95,TRUE
1800 REPOSADO (856344),750ML,43.95,TRUE
1800 SILVER (869479),750ML,42.95,TRUE
ABSOLUT (110056),750ML,27.95,TRUE
SMIRNOFF PEACH (110800),750ML,25.95,TRUE
SMIRNOFF RED TEXAS MICKY (117580),3L,106.95,TRUE
TAYNTON BAY PICKLED VODKA (119680),750ML,40.95,TRUE
SILENT SAM (12989),1.14L,34.45,TRUE
SOBIESKI (132811),750ML,23.95,TRUE
BOLS (13375),1.14L,36.75,TRUE
PINNACLE WHIPPED CREAM (134098),750ML,25.95,TRUE
POLAR ICE (136119),1.14L,34.95,TRUE
ALBERTA PURE (1503),375ML,12.45,TRUE
ABSOLUT RASPBERRY (153858),750ML,27.95,TRUE
ABSOLUT LIME (17415),750ML,27.45,TRUE
FINLANDIA (180570),375ML,13.95,TRUE
SMIRNOFF RED LABEL (190),1.14L,35.45,TRUE
CIROC WATERMELON (194314),750ML,49.95,TRUE
PINNACLE VODKA (196626),750ML,23.45,TRUE
ABSOLUT PEACH (200923),750ML,27.95,TRUE
FINLANDIA (20362),750ML,25.45,TRUE
STOLICHNAYA (205617),1.14L,42.95,TRUE
ABSOLUT GRAPEFRUIT (211652),750ML,27.45,TRUE
SILENT SAM (22640),375ML,12.45,TRUE
CIROC MANGO (2276),750ML,50.45,TRUE
THREE OLIVES GRAPE (22954),750ML,27.95,TRUE
BOLS (231167),1.75L,54.55,TRUE
GREY GOOSE (234864),200ML,16.95,TRUE
ABSOLUT (236323),1.14L,41.45,TRUE
SMIRNOFF RED LABEL (240),375ML,13.95,TRUE
LUKSUSOWA POTATO (245167),1.14L,42.45,TRUE
SMIRNOFF PEPPERMINT TWIST (252007),750ML,24.95,TRUE
WHITE LIGHTING MAX  (253278),750ML,23.95,TRUE
LUKSUSOWA POTATO (253302),750ML,27.95,TRUE
SMIRNOFF RED WHITE & MERRY (254709),750ML,25.95,TRUE
SMIRNOFF BERRY BLAST (256845),750ML,25.95,TRUE
ABSOLUT (265199),375ML,14.95,TRUE
GREY GOOSE (268664),375ML,28.45,TRUE
SMIRNOFF SPICY TAMARIND (268774),750ML,25.95,TRUE
SMIRNOFF RED LABEL (271965),200ML,9.45,TRUE
ABSOLUT COCKTAILS MIXER PACK (278490),8AR,20.95,TRUE
STOLI GOLD (290361),750ML,39.95,TRUE
STOLICHNAYA  (295444),1.75L,60.95,TRUE
ALBERTA PURE (3012),1.14L,34.45,TRUE
ABSOLUT (305888),1.75L,60.95,TRUE
SMIRNOFF RED LABEL PET (313908),750ML,24.95,TRUE
GREY GOOSE (324657),1.75L,109.95,TRUE
STOLICHNAYA (332213),375ML,14.95,TRUE
KETEL ONE (335109),375ML,17.95,TRUE
WAYNE GRETZKY NO.99 ICE STORM  (343296),750ML,34.95,TRUE
ERISTOFF (348136),750ML,20.95,TRUE
ABSOLUT (351023),200ML,8.95,TRUE
CIROC PREMIUM (355826),750ML,50.95,TRUE
KETEL ONE (371229),1.14L,49.95,TRUE
SMIRNOFF RED LABEL (38505),1.75L,55.95,TRUE
SMIRNOFF GREEN APPLE (401539),750ML,25.95,TRUE
WHITE CLAW PREMIUM (405832),750ML,34.95,TRUE
WHITE CLAW BLACK BERRY  (408983),750ML,34.95,TRUE
WHITE CLAW MANGO  (408986),750ML,34.95,TRUE
SKYY VODKA (410415),750ML,26.95,TRUE
BOLS (419804),200ML,7.45,TRUE
VAN GOGH ESPRESSO (421131),750ML,51.95,TRUE
GREY GOOSE GIFTBOX (42692),750ML,50.95,TRUE
CIROC HONEY MELON (430143),750ML,50.95,TRUE
SMIRNOFF CREAMSICLE BLAST (430152),750ML,25.95,TRUE
CIROC PINEAPPLE (430256),750ML,51.95,TRUE
SMIRNOFF RASPBERRY (430339),375ML,14.45,TRUE
BELVEDERE (437772),750ML,51.95,TRUE
SMIRNOFF PINK LEMONADE (446118),750ML,25.95,TRUE
BAE SKAHA (446161),750ML,24.95,TRUE
NEW AMSTERDAM PINK WHITNEY (446487),375ML,15.95,TRUE
SMIRNOFF PEACH LEMONADE (448121),750ML,25.95,TRUE
STOLICHNAYA BLUEBERI (448688),750ML,26.95,TRUE
KETEL ONE (456095),750ML,35.95,TRUE
ABSOLUT WATERMELON (47520),750ML,27.95,TRUE
POLAR ICE (477885),1.75L,52.45,TRUE
POLAR ICE (477893),375ML,11.95,TRUE
ABSOLUT LIMITED EDITION MOSAIC BOTTLE (481289),750ML,26.95,TRUE
WHITE LIGHTNING MAX (482562),200ML,7.95,TRUE
POLAR ICE PET (496604),750ML,22.95,TRUE
ALBERTA PURE (507723),200ML,6.75,TRUE
SILENT SAM (5132),750ML,22.95,TRUE
NEW AMSTERDAL PINK WHITNEY (51370),750ML,27.95,TRUE
STOLICHNAYA RAZBERI (530766),750ML,27.45,TRUE
ALBERTA PURE (53082),1.75L,52.95,TRUE
WYBOROWA (5363),750ML,25.95,TRUE
TITOS HANDMADE VODKA (542928),375ML,17.95,TRUE
MEDEA VODKA (546580),750ML,65.95,TRUE
SMIRNOFF RASPBERRY (562561),750ML,25.95,TRUE
SMIRNOFF RED LABEL (563262),50ML,3.95,TRUE
CRYSTAL HEAD (56663),750ML,59.95,TRUE
POLAR ICE EXTREME (57451),750ML,24.95,TRUE
GREY GOOSE (585547),1.14L,75.95,TRUE
WHITE LIGHTNING MAX (592428),375ML,12.95,TRUE
BOLS (59451),375ML,11.45,TRUE
BANFF ICE (594598),375ML,12.45,TRUE
BELVEDERE (596452),1.75L,119.95,TRUE
BOLS (6072),750ML,22.45,TRUE
VAN GOGH DUTCH CARAMEL (60855),750ML,52.95,TRUE
TAYNTON BAY RASP VODKA (6161),750ML,39.95,TRUE
CIROC PEACH (621599),750ML,51.95,TRUE
STOLICHNAYA PREMIUM (623611),3L,155.95,TRUE
TITOS HANDMADE VODKA (65011),750ML,35.95,TRUE
CIROC RED BERRY (650192),750ML,51.95,TRUE
SKINNYGIRL BARE NAKED (654350),750ML,27.95,TRUE
SMIRNOFF RED LABEL (67),750ML,24.95,TRUE
STOLICHNAYA SALTED KARAMEL (685677),750ML,26.45,TRUE
NEW AMSTERDAM VODKA (694406),750ML,25.45,TRUE
STOLICHNAYA (69781),750ML,28.45,TRUE
NEW AMSTERDAM VODKA (736264),375ML,14.45,TRUE
SMIRNOFF RED LABEL PET (744672),1.14L,35.45,TRUE
GREY GOOSE (746602),3L,275.95,TRUE
ALBERTA PURE PET (760199),750ML,22.95,TRUE
ABSOLUT LIMITED EDITION  (771311),750ML,26.95,TRUE
ABSOLUT VANILLA (7823),750ML,27.95,TRUE
NORTHERN KEEP (78926),750ML,27.95,TRUE
STOLI ELIT  (812594),750ML,62.95,TRUE
ABSOLUT JUICE STRAWBERRY  (8315),750ML,28.45,TRUE
GEORGIAN BAY VODKA (89535),750ML,31.95,TRUE
NUTRL VODKA (897033),750ML,34.45,TRUE
POLAR ICE (93021),200ML,6.95,TRUE
CIROC SUMMER CITRUS (93156),750ML,51.95,TRUE
CIROC APPLE (953638),750ML,51.95,TRUE
GIRLS NIGHT OUT STRAWBERRY SAMBA (103273),750ML,9.95,TRUE
HAKUTSURU SAKE (12849),750ML,10.95,TRUE
JACOBS CREEK SPARK MOS ROSE (147675),750ML,13.95,TRUE
FREIXENET ROSE SPARKLING (202165),750ML,28.95,TRUE
FREIXENET PROSECCO (202245),750ML,28.95,TRUE
MARTINI DRY (2600),1L,14.45,TRUE
GIFFARD BLUEBERRY MYRTILLE (261982),700ML,27.75,TRUE
XOXO ROSE (279238),200ML,4.75,TRUE
BAREFOOT SANGRIA (289199),750ML,13.95,TRUE
TSANTALI MAKEDONIKOS (322206),750ML,11.25,TRUE
BAREFOOT FRUITSCATO PINEAPPLE (366091),750ML,10.95,TRUE
LOLEA SANGRIA ROSE (37251),750ML,17.95,TRUE
CASAL GARCIA VINHO VERDE (400531),750ML,14.95,TRUE
CAMPO VIEJO CAVA BRUT RESERVA (401147),750ML,19.95,TRUE
LEMONADE STAND MOSCATO (403541),750ML,11.95,TRUE
BOONES SANGRIA (419317),750ML,8.25,TRUE
ATTO PRIMO MANGO (437272),750ML,14.95,TRUE
ATTO PRIMO PEACH (437280),750ML,14.95,TRUE
ATTO PRIMO LYCHEE (437283),750ML,14.95,TRUE
LAMARCA ROSE PROSECCO (448261),200ML,9.95,TRUE
FREIXENET ROSE  (456109),750ML,17.95,TRUE
BLUE NUN 24K GOLD EDITION (456288),200ML,8.95,TRUE
BAREFOOT FRUITSCATO WATERMELON (47343),750ML,10.95,TRUE
MARTINI ROSSO (505),1L,13.95,TRUE
GIRLS NIGHT OUT WHITE SANGRIA (55593),750ML,9.95,TRUE
JACOBS CREEK SPARKLING CHARDONNAY PINOT NOIR (562991),750ML,15.45,TRUE
WARRES OTIMA 10 (565705),500ML,24.25,TRUE
LOLEA SANGRIA RED (612440),750ML,17.95,TRUE
BAREFOOT FRUITSCATO PEACH (62048),750ML,10.95,TRUE
BAREFOOT FRUITSCATO STRAWBERRY (62560),750ML,10.95,TRUE
SILVER SAGE THE FLAME (640714),375ML,29.95,TRUE
LOLEA SANGRIA WHITE (745521),750ML,17.95,TRUE
YELLOW TAIL SANGRIA (753285),750ML,13.95,TRUE
HUSH ROSE DIRTY LAUNDRY (767103),750ML,19.95,TRUE
GIRLS NIGHT OUT RASPBERRY ROSE LEMONADE (76946),750ML,9.95,TRUE
MIONETTO PROSECCO TREVISO BRUT (86256),750ML,21.95,TRUE
JACOBS CREEK LIGHT ROSE MOSCATO  (87575),750ML,12.95,TRUE
FIOL PROSECCO (945626),750ML,17.95,TRUE
TAYLOR FLADGATE 10 YEAR OLD TAWNY (121749),750ML,41.95,TRUE
GRAHAM LATE BOTTLED VINTAGE PORT 2017 (191239),750ML,26.95,TRUE
GRAHAM 10 YEAR OLD TAWNY (206508),750ML,42.95,TRUE
BRIGHTS 74 APERA (2121),750ML,8.95,TRUE
BRIGHTS 74 TAWNY (4382),750ML,9.95,TRUE
ANDRES MEDIUM DRY (7831),750ML,8.95,TRUE
DON DAVID MALBEC (156455),750ML,18.95,TRUE
NORTON BARREL MALBEC (205351),750ML,14.95,TRUE
TRAPICHE MALBEC (338343),750ML,13.95,TRUE
DON DAVID CAB SAUV (407007),750ML,18.95,TRUE
ALAMOS CAB SAUV (467944),750ML,17.95,TRUE
ALAMOS MALBEC (467951),750ML,17.95,TRUE
FINCA LOS PRIMOS MALBEC (473843),1L,18.95,TRUE
NORTON PRIVADA RED (519439),750ML,26.45,TRUE
NORTON RESERVE MALBEC (572743),750ML,17.95,TRUE
FINCA FLINCHMAN CAB SAUV (5918),1L,14.95,TRUE
FINCA LOS PRIMOS MALBEC (632919),750ML,12.95,TRUE
CIRCUS CAB SAUV (667956),750ML,15.95,TRUE
FINCA LOS PRIMOS CAB SAUV (74245),750ML,12.95,TRUE
1884 RESERVADO CAB SAUV (750547),750ML,19.95,TRUE
1884 RESERVE MALBEC (770925),750ML,19.95,TRUE
CIRCUS MALBEC (775072),750ML,15.95,TRUE
GEORGE WYNDHAM BIN 444 CAB SAUV (110486),750ML,14.95,TRUE
YELLOW TAIL CAB SHIRAZ (116491),750ML,13.95,TRUE
SHOT IN THE DARK CAB SHIRAZ  (119529),750ML,13.95,TRUE
LINDEMANS CAB SAUV (119628),750ML,13.95,TRUE
LINDEMANS SHIRAZ (145367),750ML,13.95,TRUE
JOHNNY Q SHIRAZ  (14837),750ML,15.95,TRUE
CARNIVOR SHIRAZ (167128),750ML,16.95,TRUE
SKULLS SHIRAZ (172825),750ML,21.95,TRUE
WYNDHAM 555 SHIRAZ (189415),750ML,15.95,TRUE
YELLOW TAIL MERLOT (19968),750ML,13.95,TRUE
19 CRIMES SHIRAZ (200717),750ML,18.95,TRUE
WOLF BLASS YELLOW CAB SAUV (251876),750ML,19.95,TRUE
MCGUIGAN BLACK LABEL SHIRAZ  (297457),1.5L,20.95,TRUE
MCGUIGAN BLACK LABEL RED (325787),750ML,11.95,TRUE
HARDYS SHIRAZ CAB SAUV  (338012),750ML,13.95,TRUE
JACOBS CREEK GRENACHE SHIRAZ (352600),750ML,12.95,TRUE
YELLOW TAIL BIG BOLD RED (428284),750ML,14.95,TRUE
YELLOW TAIL CAB SAUV (56473),750ML,13.95,TRUE
YELLOW TAIL SHIRAZ (624544),750ML,13.95,TRUE
19 CRIMES CAB SAUV (764662),750ML,18.95,TRUE
JACOBS CREEK CAB SAUV (775296),750ML,16.95,TRUE
PUNCH IN THE FACE SHIRAZ (859884),750ML,20.95,TRUE
YELLOW TAIL CAB SAUV (93743),1.5L,22.95,TRUE
WOLF BLASS SHIRAZ RESERVE (99107),750ML,18.95,TRUE
DOMAINE DOR RED (108688),4L,33.95,TRUE
BODACIOUS CAB SAUV (113065),4L,43.95,TRUE
DIRTY LAUNDRY HUSH RED (11888),750ML,20.95,TRUE
JACKSON TRIGGS SHIRAZ (120253),1.5L,17.95,TRUE
WINEMAKERS MERLOT (121668),750ML,9.95,TRUE
BODACIOUS SMOOTH RED (125680),4L,43.95,TRUE
COPPER MOON MERLOT (129684),1.5L,17.95,TRUE
DIABOLICA REINCARNATION BOURBON  (138969),750ML,19.95,TRUE
BURROWING OWL SYRAH 2008 (14282),750ML,40.95,TRUE
THE WINEMAKER CAB SAUV (153236),750ML,10.95,TRUE
COPPER MOON MALBEC (164368),750ML,10.95,TRUE
PELLER CAB SAUV (164616),750ML,10.45,TRUE
STAVE & STEEL BOURBON BARREL AGED CABSAV (168209),750ML,20.45,TRUE
BURROWING OWL CAB FRANC 2020 (178756),750ML,42.95,TRUE
VINTAGE INK WHISKY BARREL (195217),750ML,16.95,TRUE
PELLER CAB SAUV (198226),1.5L,16.95,TRUE
BACKYARD NOISEY NEIGHBOUR RED 2017 (199180),750ML,16.95,TRUE
COPPER MOON MERLOT (199927),750ML,10.95,TRUE
JACKSON TRIGGS MERLOT (201343),4L,43.95,TRUE
JACKSON TRIGGS SHIRAZ (201368),4L,43.95,TRUE
JACKSON TRIGGS CAB SAUV (201434),4L,43.95,TRUE
SCREW IT SHIRAZ (208801),750ML,10.95,TRUE
SUMAC RIDGE CAB MERLOT (214767),750ML,15.95,TRUE
COPPER MOON CAB SAUV (215442),1.5L,17.95,TRUE
MISSION RIDGE DRY RED (215590),4L,36.95,TRUE
JACKSON TRIGGS SHIRAZ (22244),750ML,11.95,TRUE
SAWMILL DRY RED (223248),750ML,10.45,TRUE
TWIST OF FATE SHIRAZ CAB (22382),750ML,11.45,TRUE
WEEKDAY WINE CAB MERLOT  (22746),750ML,10.95,TRUE
BACKYARD NOISY NEIGHBOUR WHITE (228112),750ML,16.95,TRUE
CALONA  ROYAL RED (2303),2L,16.45,TRUE
SAWMILL DRY RED (235507),1.5L,16.95,TRUE
BLASTED BIG BANG THEORY (240242),750ML,21.95,TRUE
NAKED GRAPE LUSCIOUS RED (243949),750ML,9.95,TRUE
BODACIOUS DARK (244693),750ML,10.95,TRUE
PELLER CAB SAUV (2469),4L,41.95,TRUE
MISSION HILL CAB MERLOT (257816),750ML,19.95,TRUE
SAWMILL CAB SAV (259564),750ML,10.45,TRUE
SUMAC RIDGE MERLOT (272781),750ML,15.95,TRUE
NAKED GRAPE SHIRAZ (305938),750ML,10.45,TRUE
NAKED GRAPE MERLOT (306027),750ML,9.95,TRUE
SCREW IT MERLOT (310151),750ML,10.95,TRUE
SCREW IT SHIRAZ (3103),1.5L,16.95,TRUE
OPEN SMOOTH RED (31325),750ML,14.95,TRUE
J LOHR CAB SAUV (313817),375ML,13.95,TRUE
PELLER DRY RED (322776),750ML,10.25,TRUE
JACKSON TRIGGS CAB SAUV (328534),750ML,11.95,TRUE
JACKSON TRIGGS CAB SAUV (331025),1.5L,18.95,TRUE
SAWMILL MERLOT (340364),750ML,9.95,TRUE
GRAY MONK MERLOT (343111),750ML,20.95,TRUE
NAKED GRAPE MALBEC (353375),750ML,9.95,TRUE
PELLER SHIRAZ (361022),4L,41.95,TRUE
PELLER SHIRAZ (361048),1.5L,16.95,TRUE
PELLER SHIRAZ (362681),750ML,10.25,TRUE
NAKED GRAPE MERLOT (362830),1.5L,16.95,TRUE
BLACK CELLAR CAB SAUV (371073),4L,42.95,TRUE
INNISKILLIN CAB FRANC (372461),750ML,17.95,TRUE
SAWMILL CAB SAUV (374108),4L,41.95,TRUE
JACKSON TRIGGS MERLOT (377820),1.5L,18.95,TRUE
COPPER MOON MALBEC (379677),1.5L,17.95,TRUE
SAWMILL CREEK CAB SAUV (383349),1.5L,16.95,TRUE
JACKSON TRIGGS MERLOT (383711),750ML,11.95,TRUE
COPPER MOON CAB SAUV (390591),4L,43.95,TRUE
BODACIOUS SMOOTH RED (39313),1.5L,17.95,TRUE
BASK CAB SAUV (401136),750ML,12.95,TRUE
HERON BAY CAB SAUV (406816),750ML,11.95,TRUE
CEDAR CREEK MERLOT  (408666),750ML,27.95,TRUE
SAWMILL MERLOT (428029),4L,42.95,TRUE
BODACIOUS CAB SAUV (430959),750ML,10.95,TRUE
NAKED GRAPE SHIRAZ (4460),4L,41.95,TRUE
SCREW IT MALBEC (449074),750ML,10.95,TRUE
ON POINT SMOOTH RED (451479),750ML,10.95,TRUE
HONEST LOT CAB SAUV (451917),750ML,11.95,TRUE
BODACIOUS SMOOTH RED (459677),750ML,10.95,TRUE
PELLER CAB MERLOT (473272),200ML,4.75,TRUE
XOXO PINOT NOIR (47988),750ML,9.95,TRUE
PELLER PINOT NOIR (47991),750ML,10.45,TRUE
VINTAGE INK REBEL RED (49023),750ML,16.95,TRUE
RED ROOSTER MERLOT (498808),750ML,21.95,TRUE
HESTER CREEK CAB MERLOT  (524678),750ML,18.95,TRUE
JACKSON TRIGGS MALBEC (526863),4L,43.95,TRUE
NAKED GRAPE CAB SAUV (541250),750ML,9.95,TRUE
JACKSON TRIGGS VQA MERLOT (543876),750ML,16.95,TRUE
JACKSON TRIGGS VQA CAB SAUV (543884),750ML,16.95,TRUE
SCREW IT MERLOT  (545632),1.5L,17.95,TRUE
BURROWING OWL CAB FRANC 2009 (556621),750ML,40.95,TRUE
CEDAR CREEK PINOT GRIS (561175),750ML,24.95,TRUE
OPEN MERLOT (563239),750ML,11.95,TRUE
OPEN CAB MER (569715),750ML,14.95,TRUE
SCREW IT SHIRAZ  (579854),4L,41.95,TRUE
MISSION HILL RESERVE PINOT NOIR (584581),750ML,36.95,TRUE
NERO (587659),4L,35.95,TRUE
SAWMILL CREEK SHIRAZ (58776),750ML,10.45,TRUE
GRAY MONK LATITUDE FIFTY RED (590844),750ML,17.95,TRUE
INNISKILLIN CAB SAUV (597070),750ML,17.95,TRUE
PELLER MERLOT (605675),1.5L,16.95,TRUE
BURROWING OWL SYRAH 2016 (608828),750ML,40.95,TRUE
CHABERTON MERITAGE  (610303),750ML,32.95,TRUE
QUAILS GATE PINOT NOIR  (613539),750ML,39.95,TRUE
PELLER MERLOT (617662),750ML,9.95,TRUE
INNISKILLIN PINOT NOIR (624767),750ML,21.95,TRUE
COPPER MOON SHIRAZ (624882),4L,43.95,TRUE
JACKSON TRIGGS MALBEC (628909),750ML,10.95,TRUE
SAWMILL DRY RED (655845),4L,42.95,TRUE
NAKED GRAPE SHIRAZ (658815),1.5L,16.95,TRUE
FRIND BIG RED (67196),750ML,21.95,TRUE
PENDRAGON CAB SAUV (673822),750ML,10.95,TRUE
WAYNE GRETZKY RED (684126),750ML,17.45,TRUE
RUBY BLUES RED STILETTO (685065),750ML,30.95,TRUE
DIABOLICA RED (71142),750ML,17.95,TRUE
INNISKILLIN MERLOT (76877),750ML,17.95,TRUE
MISSION HILL RESERVE MERLOT (772244),750ML,30.95,TRUE
BODACIOUS SHIRAZ (838730),750ML,10.95,TRUE
COPPER MOON MERLOT (847202),4L,43.95,TRUE
COPPER MOON SHIRAZ (867655),1.5L,17.95,TRUE
VOLCANIC HILLS LAVA RED (871764),750ML,24.95,TRUE
COPPER MOON SHIRAZ (874552),750ML,10.95,TRUE
DOMAINE DOR RED (87965),1.5L,14.95,TRUE
COPPER MOON MALBEC (881490),4L,43.95,TRUE
COPPER MOON CAB SAUV (893289),750ML,10.95,TRUE
BASK SAUV BLANC (9335),750ML,12.95,TRUE
BASK CRISP ROSE (9338),750ML,12.95,TRUE
CHABERTON RED (969790),750ML,16.95,TRUE
FRONTERA CAB SAUV (116426),750ML,11.95,TRUE
FALERNIA SYRAH (147819),750ML,19.95,TRUE
SANTA RITA CAB SAUV SECRET RESERVE (179215),750ML,13.95,TRUE
GATO NEGRO CAB SAUV (188193),750ML,9.95,TRUE
CONO SUR CAB SAUV CARM SYRAH (211185),750ML,16.95,TRUE
SANTA RITA CAB SAUV 120 (218644),750ML,12.95,TRUE
CASILLERO CAB SAUV (278416),750ML,16.95,TRUE
GATO NEGRO CAB SAUV (280719),1.5L,16.95,TRUE
FRONTERA CAB SAUV (286187),1.5L,17.95,TRUE
GATO NEGRO SAUV BLANC  (303982),1.5L,16.95,TRUE
CONO SUR PINOT NOIR (341602),750ML,12.95,TRUE
CONO SUR CAB SAUV (376848),750ML,12.95,TRUE
FRONTERA MERLOT (395129),750ML,11.95,TRUE
FRONTERA MERLOT (465856),1.5L,17.95,TRUE
OOPS CARMENERE (72777),750ML,14.95,TRUE
BLACK BOX CAB SAUV (844456),3L,43.95,TRUE
LUIS FELIPE MERLOT (99204),750ML,10.95,TRUE
FAT BASTARD MERLOT (158568),750ML,15.95,TRUE
CHATEAU DE COURTEILLAC BORDEAUX (250662),750ML,16.95,TRUE
HENRIQUES PAMPLUNE (384412),750ML,16.95,TRUE
FAT BASTARD CAB SAUV  (791400),750ML,15.95,TRUE
CHIANTI RUFINA NIPOZZANO (107276),750ML,26.95,TRUE
DONINI LAMBERT MERLOT (150128),1.5L,18.45,TRUE
MASI CAMPOFIORIN RIPASSO (155051),750ML,25.95,TRUE
DONINI LAMBERT MERLOT (160358),1L,13.45,TRUE
ROSCATO (16618),750ML,16.95,TRUE
RUFFINO CHIANTI (1743),750ML,16.95,TRUE
MASI VALPOLICELLA CLASSICO (285585),750ML,21.95,TRUE
VALPOLICELLA NEGRAR (38026),1.5L,39.95,TRUE
ADESSO MERLOT (409643),750ML,16.95,TRUE
FREIXENET CHIANTI RED (426946),750ML,17.95,TRUE
CAVIT ROSCATO GOLD (446578),750ML,17.95,TRUE
AMARONE CLASSICO TOMMASI (494393),750ML,67.95,TRUE
MASI MODELLO DELLE VENEZIA (533026),750ML,17.95,TRUE
VILLA TERESA MERLOT (549659),750ML,19.95,TRUE
MONTE ANTICO TOSCANO (587113),750ML,19.95,TRUE
ANTINORI PEPPOLI CHIANTI 2018 (606541),750ML,33.95,TRUE
ROMEO & JULIET  (690420),750ML,18.95,TRUE
VALPOLICELLA FOLONARI (828),750ML,17.95,TRUE
OYSTER BAY MERLOT  (111310),750ML,21.45,TRUE
STONELEIGH PINOT NOIR (610857),750ML,21.95,TRUE
KIM CRAWFORD PINOT NOIR (867127),750ML,25.95,TRUE
MATEUS ROSE (166),750ML,12.95,TRUE
SANDEMAN RUBY (23366),750ML,23.95,TRUE
CASAL GARCIA VINHO TINTO (647404),750ML,11.95,TRUE
JAM JAR SWEET SHIRAZ (392845),750ML,15.95,TRUE
TWO OCEANS SHIRAZ (699249),750ML,10.95,TRUE
ANCIANO VALENCIA GARNACHA (115095),750ML,13.25,TRUE
CAMPO VIEJO RIOJA TEMPRANILLO  (190629),750ML,16.95,TRUE
LOBETIA TEMPRANILLO ORGANIC (479881),750ML,13.95,TRUE
TOCADO GARNACHA (588178),750ML,12.95,TRUE
ANCIANO AGED 10 YEARS OLD (789354),750ML,18.95,TRUE
CAMPO VIEJO RIOJA RESERVA  (823203),750ML,19.95,TRUE
BESO DE VINO CARINENA GARNACHA (834846),750ML,12.95,TRUE
19 CRIMES CALIFORNIA RED (10713),750ML,19.95,TRUE
ROAMING DOG CHARDONNAY (110040),750ML,19.95,TRUE
MEIOMI CAB SAUV (111033),750ML,29.95,TRUE
APOTHIC RED (125617),750ML,17.95,TRUE
APOTHIC RED (126709),3L,54.95,TRUE
JOSH LEGACY (132212),750ML,21.95,TRUE
CUPCAKE RED VELVET (158196),750ML,14.95,TRUE
BOGLE CAB SAUV (166494),750ML,26.95,TRUE
JOSH MERLOT (178630),750ML,19.95,TRUE
BAREFOOT SHIRAZ  (209106),750ML,12.95,TRUE
BAREFOOT MERLOT  (209197),750ML,12.95,TRUE
BAREFOOT CAB SAUV (209320),750ML,12.95,TRUE
APOTHIC CAB SAV (253416),750ML,18.95,TRUE
ROBERT MONDAVI BOURBON CAB (255860),750ML,19.95,TRUE
WOODBRIDGE CAB SAUV (258509),1.5L,27.95,TRUE
RODNEY ZINFANDEL (264739),750ML,28.95,TRUE
MEIOMI PINOT NOIR (278937),750ML,29.95,TRUE
J LOHR CAB SAUV (313825),750ML,25.95,TRUE
ORIN SWIFT ABSTRACT 2018 (320051),750ML,54.95,TRUE
7 DEADLY ZINFANDEL (337402),750ML,25.45,TRUE
CARNIVOR ZINFANDEL (35637),750ML,19.95,TRUE
RAVENSWOOD ZINFANDEL (359257),750ML,20.95,TRUE
MENAGE A TROIS CALIFORNIA RED (360883),750ML,19.95,TRUE
ROAMING DOG CAB SAUV (363174),750ML,19.95,TRUE
ROAMING DOG RED BLEND  (363179),750ML,19.95,TRUE
THE SHOW CAB SAUV (374686),750ML,22.95,TRUE
CYPRESS MERLOT (378521),750ML,13.75,TRUE
ROBERT MONDAVI CAB SAUV (392225),750ML,19.95,TRUE
SEVEN DEADLY CAB SAUV (394448),750ML,22.95,TRUE
STAVE & STEEL CAB SAUV WHISKY BARREL (423018),750ML,16.95,TRUE
J LOHR SYRAH (425272),750ML,24.95,TRUE
APOTHIC MERLOT (427805),750ML,15.95,TRUE
FREAKSHOW CAB SAUV (455345),750ML,29.95,TRUE
THE PRISONER RED (457291),750ML,69.95,TRUE
TNT CABERNET SAUVIGNON  (46728),750ML,19.95,TRUE
STAGS LEAP CAB SAUV (473389),750ML,66.95,TRUE
WOODBRIDGE CAB SAUV (48611),750ML,14.95,TRUE
STONECAP SYRAH  (505818),750ML,15.45,TRUE
WOLF BLASS YELLOW SHIRAZ (506691),750ML,18.95,TRUE
LIBERTY CAB SAUV (527184),750ML,25.95,TRUE
TOM GORE CAB SAUV (541094),750ML,21.95,TRUE
CONCORD MANISCHEWITZ KOSHER (5561),750ML,8.25,TRUE
BAREFOOT RED MOSCATO (658955),750ML,12.95,TRUE
TRIBUTE CAB SAUV (73466),750ML,20.95,TRUE
EDGE CAB SAUV (80374),750ML,46.95,TRUE
MENAGE A TROIS MIDNIGHT RED (831412),750ML,17.95,TRUE
JOSH CAB SAUV (850073),750ML,21.95,TRUE
APOTHIC DARK (852566),750ML,17.95,TRUE
CARNIVOR CAB SAUV (884122),750ML,19.95,TRUE
JOSH RESERVE BOURBON BARREL CAB SAUV (89902),750ML,26.95,TRUE
MAIN & VINE CAB SAUV (90225),750ML,11.95,TRUE
RAVENSWOOD CAB SAUV (976142),750ML,20.95,TRUE
SILVER SAGE SPARKLING VELVET (103165),750ML,26.95,TRUE
HENKELL TROCKEN (122689),750ML,16.95,TRUE
LA SCALA SPUMANTE (14142),750ML,6.95,TRUE
MOET CHANDON BRUT IMPERIAL (158491),750ML,77.95,TRUE
DR LOOSEN SPARKLING RIESLING (158501),750ML,17.95,TRUE
LUC BELAIRE LUXE (160281),750ML,38.95,TRUE
GEMMA DI LUNA PROSECCO (164605),750ML,20.95,TRUE
MARTINI ASTI (1875),750ML,15.45,TRUE
FREIXENET LEGERO (187906),750ML,15.25,TRUE
BODACIOUS BUBBLES (190573),750ML,12.95,TRUE
RUFFINO PROSECCO (192153),750ML,22.95,TRUE
VEUVE DU VERNAY BLANC DE BLANCS BRUT (209023),750ML,18.95,TRUE
LUC BELAIRE GOLD BRUT (214659),750ML,38.95,TRUE
BOTTEGA ROSE PINK (223669),750ML,34.95,TRUE
VILLA TERESA PROSECCO (268714),750ML,21.95,TRUE
LAMARCA PROSECCO (321182),750ML,22.95,TRUE
ROSIE ROSE SPARKLING (324812),750ML,17.95,TRUE
MARTINI ASTI (361790),200ML,6.45,TRUE
BABY CAN SPARKLING (3814),750ML,6.95,TRUE
FRIND BRUT (40736),750ML,26.95,TRUE
JOSH PROSECCO (476125),750ML,24.25,TRUE
JOSH PROSECCO ROSE (476130),750ML,24.25,TRUE
BOTTEGA WHITE GOLD BRUT (591040),750ML,34.95,TRUE
VEUVE DU VERNAY ROSE (610048),750ML,18.95,TRUE
ACE OF SPADES GOLD (ARMAND) (647297),750ML,375.95,TRUE
BOTTEGA PROSECCO GOLD  (663187),750ML,34.95,TRUE
YELLOW TAIL BUBBLES (667089),750ML,15.95,TRUE
YELLOW TAIL BUBBLES ROSE (785469),750ML,15.95,TRUE
FREIXENET CORDON NEGRO BRUT (88591),750ML,18.95,TRUE
BABY DUCK (91),750ML,6.95,TRUE
BOTTEGA PROSECCO BRUT (95711),750ML,19.45,TRUE
LUC BELAIRE ROSE (9605),750ML,38.95,TRUE
NORTON BARREL SAUV BLANC (191825),750ML,14.45,TRUE
ALAMOS CHARDONNAY (467969),750ML,17.95,TRUE
YELLOW TAIL CHARDONNAY (116814),1.5L,22.95,TRUE
YELLOW TAIL SAUV BLANC (122259),750ML,13.95,TRUE
LINDEMANS CHARDONNAY (142117),750ML,13.95,TRUE
JACOBS CREEK DOTS PINOT GRIGIO  (149354),750ML,12.95,TRUE
LINDEMANS SAUV BLANC (181388),750ML,13.95,TRUE
MCGUIGAN BLACK LABEL MOSCATO (216853),750ML,10.95,TRUE
LINDEMANS PINOT GRIGIO (220459),750ML,13.95,TRUE
WOLF BLASS YELLOW CHARDONNAY (226860),750ML,19.95,TRUE
JACOBS CREEK MOSCATO (400267),750ML,12.95,TRUE
HARDYS RIESLING GEWURTZ (448548),750ML,13.45,TRUE
HARDYS RIESLING GEWURZTRAMINER  (511550),3L,37.95,TRUE
MCGUIGAN BLACK LABEL PINOT GRIGIO (576306),750ML,11.95,TRUE
YELLOW TAIL CHARDONNAY (627802),750ML,13.95,TRUE
YELLOW TAIL PINOT GRIGIO (670521),750ML,13.95,TRUE
LINDEMANS MOSCATO  (684837),750ML,11.95,TRUE
JACOBS CREEK MOSCATO ROSE (745984),750ML,12.95,TRUE
YELLOW TAIL ROSE (763862),750ML,13.95,TRUE
JACOBS CREEK MOSCATO LIGHT (87580),750ML,12.95,TRUE
DOMAINE DOR WHITE (106179),4L,33.95,TRUE
GRAY MONK PINOT GRIS (118638),750ML,20.95,TRUE
FIVE VINEYARDS SAUV BLANC (118893),750ML,16.95,TRUE
WINEMAKERS PINOT GRIGIO (121693),750ML,10.95,TRUE
PELLER SAUV BLANC (131813),750ML,8.95,TRUE
PELLER SAUV BLANC (131938),1.5L,16.95,TRUE
PELLER SAUV BLANC (134726),4L,41.95,TRUE
SUMAC RIDGE GEWURZT (142893),750ML,15.95,TRUE
XOXO ROSE (150850),750ML,9.95,TRUE
JACKSON TRIGGS PINOT GRIGIO (154013),1.5L,18.95,TRUE
GROW WILD WHITE BLEND (1642),750ML,16.95,TRUE
DIABOLICA ROSE (171785),750ML,17.95,TRUE
SAWMILL PINOT GRIGIO (171926),4L,41.95,TRUE
DIRTY LAUNDRY HUSH WHITE BLEND (173722),750ML,19.95,TRUE
JACKSON TRIGGS PINOT GRIGIO (201376),4L,43.95,TRUE
JACKSON TRIGGS SAUV BLANC (201384),4L,43.95,TRUE
JACKSON TRIGGS CHARDONNAY (201467),4L,43.95,TRUE
JACKSON TRIGGS PINOT GRIGIO (206201),750ML,11.95,TRUE
MISSION RIDGE DRY WHITE (215525),4L,35.95,TRUE
JACKSON TRIGGS VQA PINOT GRIGIO  (220172),750ML,16.95,TRUE
PELLER ROSE (221069),4L,41.95,TRUE
SAWMILL DRY WHITE (223230),750ML,10.45,TRUE
TWIST OF FATE RIESLING GEWURZT (22379),750ML,11.45,TRUE
WEEKDAY WINE PINOT GRIGIO (22752),750ML,10.95,TRUE
SAWMILL DRY WHITE (235499),1.5L,15.95,TRUE
MT DAWSON CHARDONNAY (236461),750ML,9.95,TRUE
SCHLOSS LADERHEIM (240986),1.5L,13.95,TRUE
SAWMILL RIESLING (241935),750ML,10.45,TRUE
NAKED GRAPE LUSCIOUS WHITE (243907),750ML,9.95,TRUE
COPPER MOON CHARDONNAY (244087),750ML,10.95,TRUE
HONEST LOT PINOT GRIGIO (253974),750ML,11.95,TRUE
SCREW IT PINOT GRIGIO (272583),750ML,10.95,TRUE
PELLER PINOT GRIS (279243),200ML,4.75,TRUE
SUMAC RIDGE PINOT GRIGIO  (293696),750ML,15.95,TRUE
NAKED GRAPE SAUV BLANC (306084),750ML,9.95,TRUE
NAKED GRAPE CHARDONNAY (306100),750ML,9.95,TRUE
OPEN SMOOTH WHITE (31198),750ML,14.95,TRUE
GRAY MONK GEWURZT (321588),750ML,20.95,TRUE
GRAY MONK RIESLING (321604),750ML,20.95,TRUE
PELLER DRY WHITE (322735),750ML,8.95,TRUE
PELLER CHARDONNAY (32722),750ML,9.95,TRUE
JACKSON TRIGGS CHARDONNAY (328518),750ML,11.95,TRUE
JACKSON TRIGGS CHARDONNAY (328526),1.5L,18.95,TRUE
SAWMILL DRY WHITE (340489),4L,39.95,TRUE
PELLER PINOT GRIGIO (361089),1.5L,16.95,TRUE
PELLER PINOT GRIGIO (361105),4L,41.95,TRUE
PELLER ROSE (361147),750ML,10.45,TRUE
PELLER PINOT GRIGIO (361220),750ML,10.45,TRUE
PELLER ROSE (361253),1.5L,16.95,TRUE
BODACIOUS SMOOTH WHITE (370833),750ML,10.95,TRUE
PENDRAGON PINOT GRIGIO (381145),750ML,10.95,TRUE
PELLER CHARDONNAY (38349),1.5L,16.95,TRUE
MISSION HILL RESERVE SAUV BLANC  (388629),750ML,25.95,TRUE
GRAY MONK LATITUDE  (396856),750ML,17.95,TRUE
JACKSON TRIGGS SAUV BLANC (399410),750ML,11.95,TRUE
JACKSON TRIGGS SAUV BLANC (399428),1.5L,18.95,TRUE
BASK PINOT GRIGIO (401131),750ML,12.95,TRUE
HERON BAY SAUV BLANC (406810),750ML,11.95,TRUE
SAWMILL CHARDONNAY (435388),4L,41.95,TRUE
SAWMILL WHITE ZINFANDEL ROSE (436147),750ML,10.45,TRUE
TWIST OF FATE PINOT CHARD (442335),750ML,11.95,TRUE
BASK SAUV BLANC (451383),3L,35.95,TRUE
ON POINT CRISP WHITE (451430),750ML,10.95,TRUE
HONEST LOT SAUV BLANC (451925),750ML,11.95,TRUE
WAYNE GRETZKY SAUVIGNON BLANC (466563),750ML,16.95,TRUE
BODACIOUS SMOOTH WHITE (470914),1.5L,17.95,TRUE
RED ROOSTER SAUV BLANC (480585),750ML,21.95,TRUE
SAWMILL PINOT GRIGIO (491647),750ML,10.45,TRUE
BODACIOUS PINOT GRIGIO (49687),4L,42.95,TRUE
GRAY MONK CHARDONNAY (501114),750ML,20.95,TRUE
JACKSON TRIGGS RIESLING GEWURZTRAMINER (517169),750ML,11.95,TRUE
NAKED GRAPE PINOT GRIGIO (5226),4L,42.95,TRUE
SILVER SAGE SUNSET (533679),750ML,23.95,TRUE
COPPER MOON PINOT GRIGIO (535567),1.5L,17.95,TRUE
JACKSON TRIGGS VQA CHARDONNAY (543819),750ML,16.95,TRUE
BODACIOUS PINOT GRIGIO (546317),750ML,10.95,TRUE
HESTER CREEK PINOT GRIS  (560037),750ML,20.95,TRUE
QUAILS GATE PINOT GRIS (585737),750ML,21.95,TRUE
QUAILS GATE GEWURZTRAMINER (585745),750ML,19.95,TRUE
SOLA (587584),4L,34.95,TRUE
SUMAC RIDGE SAUV BLANC  (593087),750ML,15.95,TRUE
JACKSON TRIGGS VQA SAUV BLANC (593111),750ML,16.95,TRUE
PELLER DRY WHITE (61499),4L,38.95,TRUE
NAKED GRAPE PINOT GRIGIO (618421),1.5L,17.45,TRUE
CHABERTON PINOT GRIS  (627638),750ML,20.95,TRUE
BURROWING OWL SAUVIGNON BLANC  (632331),750ML,32.95,TRUE
TWIST OF FATE MALBEC MERLOT (634691),750ML,11.95,TRUE
SILVER SAGE MIDNIGHT TANGO (634949),750ML,29.95,TRUE
PINK POODLE ROSE (63762),750ML,11.95,TRUE
SILVER SAGE THE SAGE (710749),750ML,31.95,TRUE
SILVER SAGE PINOT BLANC  (710756),750ML,21.95,TRUE
SILVER SAGE MERLOT (711143),750ML,23.95,TRUE
BLASTED HATFIELDS FUSE (734475),750ML,19.95,TRUE
XOXO PINOT GRIGIO CHARDONNAY (754176),750ML,9.95,TRUE
SCREW IT PINOT GRIGIO (756528),4L,41.95,TRUE
NAKED GRAPE SAUV BLANC (765982),1.5L,16.95,TRUE
HOCHTALER (78493),1.5L,12.95,TRUE
SAINTLY THE GOOD ROSE 2020 (78989),750ML,19.95,TRUE
COPPER MOON PINOT GRIGIO (789982),750ML,10.95,TRUE
GROW WILD RAVISHING ROSE (79406),750ML,16.95,TRUE
COPPER MOON PINOT GRIGIO (796094),4L,43.95,TRUE
INNISKILLIN PINOT GRIGIO (80044),750ML,17.95,TRUE
DIABOLICA WHITE (820647),750ML,17.95,TRUE
JACKSON TRIGGS VQA RESERVE RIESLING  (834267),750ML,16.95,TRUE
NAKED GRAPE PINOT GRIGIO (837641),750ML,10.45,TRUE
SEE YA GEWURZTRAMINER (868067),750ML,17.95,TRUE
VINTAGE INK WICKED WHITE (868539),750ML,15.95,TRUE
BODACIOUS SMOOTH WHITE (86965),4L,43.95,TRUE
OPEN CHARDONNAY (872648),750ML,14.95,TRUE
DOMAINE DOR WHITE (87981),1.5L,14.95,TRUE
SILVER SAGE GEWURZTRAMINER (88575),750ML,23.95,TRUE
XOXO LIGHT ROSE (8976),750ML,10.45,TRUE
BASK PINOT NOIR (9330),750ML,12.95,TRUE
CHABERTON BACCHUS (953224),750ML,20.95,TRUE
CHABERTON WHITE  (963462),750ML,17.95,TRUE
UPPER BENCH PINOT BLANC (990523),750ML,18.95,TRUE
SANTA RITA SAUV BLANC SECRET RESERVE (179221),750ML,13.95,TRUE
CASILLERO DEL DIABLO PINOT GRIGIO  (234021),750ML,17.25,TRUE
FRONTERA SAUV BLANC (284893),1.5L,17.95,TRUE
TOCORNAL CHARDONNAY  (376855),1.5L,17.95,TRUE
OOPS SAUV BLANC (405761),750ML,14.95,TRUE
FRONTERA CHARDONNAY (465849),1.5L,17.95,TRUE
CONO SUR CHARDONNAY ORGANIC (471367),750ML,16.95,TRUE
CONO SUR PINOT GRIGIO (683177),750ML,12.95,TRUE
CONO SUR SAUV BLANC ORGANIC  (813576),750ML,16.95,TRUE
PAUL MAS VIOGNIER (151100),750ML,16.95,TRUE
FAT BASTARD CHARDONNAY (563130),750ML,15.95,TRUE
ST URSULA GOLDEN OKTOBER (130153),750ML,11.95,TRUE
NIERSTEINER KABINETT (145425),750ML,10.45,TRUE
BLACK TOWER RIESLING (177501),750ML,14.95,TRUE
DR ZENZEN KABINETT  (183962),750ML,15.95,TRUE
BREE RIESLING (210807),750ML,15.45,TRUE
WINZERTANZ SCHMITT (50674),750ML,14.95,TRUE
DR LOOSEN RIESLING (599274),750ML,17.95,TRUE
BLUE NUN RIVANER (729),750ML,14.95,TRUE
RELAX RIESLING (838011),750ML,15.95,TRUE
SANTA MARGHERITA PINOT GRIGIO (106450),750ML,22.95,TRUE
FANTINI PINOT GRIGIO (145920),750ML,14.95,TRUE
DONINI CHARDONNAY (160317),1L,13.45,TRUE
ROMEO AND JULIET PINOT GRIGIO (213496),750ML,15.95,TRUE
VOGA PINOT GRIGIO (248518),750ML,17.45,TRUE
ADESSO CHARDONNAY (409568),750ML,10.95,TRUE
VILLA TERESA PINOT GRIGIO (549642),750ML,19.95,TRUE
LAMARCA PROSECCO ROSE (60556),750ML,22.95,TRUE
ROSCATO ROSE (649780),750ML,15.95,TRUE
KIM CRAWFORD SAUV BLANC (100594),750ML,22.95,TRUE
KIM CRAWFORD ROSE (142992),750ML,22.95,TRUE
KIM CRAWFORD PINOT GRIS (150144),750ML,22.95,TRUE
THE NED SAUV BLANC (16964),750ML,18.95,TRUE
KIM CRAWFORD CHARDONNAY  (195172),750ML,22.95,TRUE
WHITEHAVEN PINOT GRIS  (198887),750ML,20.95,TRUE
OYSTER BAY PINOT GRIGIO (26567),750ML,20.95,TRUE
STONELEIGH SAUV BLANC (293043),750ML,19.95,TRUE
WHITEHAVEN SAUV BLANC  (300368),750ML,20.95,TRUE
MATUA SAUV BLANC (309575),750ML,19.95,TRUE
OYSTER BAY SAUV BLANC (316570),750ML,20.95,TRUE
OYSTER BAY CHARDONNAY (326728),750ML,20.95,TRUE
VILLA MARIA SAUV BLANC (342360),750ML,19.95,TRUE
STONELEIGH PINOT GRIGIO  (502054),750ML,18.95,TRUE
TWO OCEANS PINOT GRIGIO (267922),750ML,13.95,TRUE
TWO OCEANS SAUV BLANC (340380),750ML,13.95,TRUE
RELAX PINK  (69237),750ML,15.95,TRUE
CUPCAKE CHARDONNAY LIGHT (111045),750ML,14.95,TRUE
JOSH PINOT GRIGIO  (13546),750ML,19.95,TRUE
BAREFOOT MOSCATO (140577),3L,44.95,TRUE
BAREFOOT PINOT GRIGIO (140585),3L,44.95,TRUE
BAREFOOT PINK PINOT GRIGIO (196259),750ML,12.95,TRUE
APOTHIC WHITE (202549),750ML,17.95,TRUE
LONGSHOT PINOT GRIGIO (225444),750ML,14.95,TRUE
CARLO ROSSI FRUITY (233155),1.5L,17.95,TRUE
BERINGER WHITE ZINFANDEL (239756),750ML,10.95,TRUE
WOODBRIDGE SAUV BLANC (258665),1.5L,27.95,TRUE
J LOHR CHARDONNAY (258699),750ML,24.95,TRUE
GALLO WHITE ZINFANDEL (285767),750ML,11.25,TRUE
GALLO WHITE ZINFANDEL (308460),1.5L,16.95,TRUE
CARLO ROSSI ROSE (321158),1.5L,15.95,TRUE
FETZER GEWURZTRAMINER  (350843),750ML,12.75,TRUE
CARLO ROSSI WHITE (351486),750ML,6.25,TRUE
TOM GORE CHARDONNAY  (381079),750ML,21.95,TRUE
WOODBRIDGE SAUV BLANC (40501),750ML,14.95,TRUE
BAREFOOT MOSCATO (434431),750ML,12.95,TRUE
JOSH SAUV BLANC (436363),750ML,22.95,TRUE
CORBETT CANYON WHITE ZINFANDEL (494419),1.5L,14.45,TRUE
ROBERT MONDAVI PINOT GRIGIO (540351),750ML,14.45,TRUE
BAREFOOT PINK MOSCATO (57489),750ML,12.95,TRUE
JOSH CHARDONNAY (612),750ML,21.95,TRUE
BAREFOOT PINOT GRIGIO (64980),1.5L,21.95,TRUE
APOTHIC ROSE (691535),750ML,15.95,TRUE
BERINGER PINOT GRIGIO (774133),750ML,11.95,TRUE
BAREFOOT MOSCATO (789545),1.5L,21.95,TRUE
BAREFOOT PINOT GRIGIO (921304),750ML,12.95,TRUE
CANNONBALL SONOMA CHARDONNAY 2016 (952275),750ML,29.95,TRUE
WOODBRIDGE CHARDONNAY (99408),750ML,14.95,TRUE
LIMES (17),ea,2,TRUE
TABASCO (11210000032),ea,4.99,TRUE
OLD DUTCH BBQ 255G (1640),ea,5.99,TRUE
OLD DUTCH KETCHUP 255g (1641),ea,5.99,TRUE
OLD DUTCH ORIGINAL RIPL (16420),ea,5.99,TRUE
OLD DUTCH MESQUITE BBQ 200g (1651),ea,5.99,TRUE
OLD DUTCH JALAPENO & CHEDDAR 200g (1652),ea,5.99,TRUE
OLD DUTCH PARMESAN & GARLIC 200g (1657),ea,5.99,TRUE
DUTCH CRUNCH SC & DILL (1662),ea,5.99,TRUE
OLD DUTCH ORIG 66g (1707),ea,2.99,TRUE
OLD DUTCH BBQ 66g (1708),ea,2.99,TRUE
OLD DUTCH SALT & VINEGAR 66g (1709),ea,2.99,TRUE
OLD DUTCH KETCHUP (1718),ea,2.99,TRUE
OLD DUTCH RIPL SC&GO 66g (1721),ea,2.99,TRUE
OLD DUTCH MEXICAN CHILI 66g (1726),ea,2.99,TRUE
HAWKIN CHEEZIES 70g (2083),ea,2.99,TRUE
HAWKINS CHEEZIES 210g (2100),ea,5.99,TRUE
OLD DUTCH SALT & VINEGAR (2142),EACH,5.99,TRUE
OLD DUTCH BBQ 235g (2143),EACH,5.99,TRUE
OLD DUTCH KETCHUP 235g (2144),EACH,5.99,TRUE
OLD DUTCH RPL ORGINAL 235g (2145),EACH,5.99,TRUE
OLD DUTCH SOUR CREAM (2146),EACH,5.99,TRUE
OLD DUTCH LT SALT 235g (2148),EACH,5.99,TRUE
OLD DUTCH SC & ONION 235g (2151),EACH,5.99,TRUE
OLD DUTCH RIPL JALAPENO 235g (2159),ea,5.99,TRUE
PEPPERONI ORIGINAL (22),ea,1.99,TRUE
ARRIBA NACHO 84g (2364),ea,2.99,TRUE
ARRIBA NACHO 245g (2410),ea,5.99,TRUE
ARRIBA ZESTY TACO 245g (2411),ea,5.99,TRUE
ARRIBA JALAPENO CHEDDAR 245g (2412),ea,5.99,TRUE
OLD DUTCH SWEET CHILI (2426),ea,5.99,TRUE
ARRIBA MEXICAN SWEET 235g (2429),ea,5.99,TRUE
WORCESTERSHIRE SAUCE (25650),ea,5.99,TRUE
CHOC/GUM (28060),ea,1.99,TRUE
OLD DUTCH CHEESE PLEESERS 265g (3500),ea,5.99,TRUE
OLD DUTCH BACON PUFFS 100g (3981),ea,4.99,TRUE
OLD DUTCH POPCORN TWISTS (507),ea,5.99,TRUE
OLD DUTCH BBQ PEANUTS (5105),ea,2.99,TRUE
OLD DUTCH SALSA MILD (5220),ea,5.99,TRUE
REAL LIME (58350),ea,4.99,TRUE
CLAMATO RIMMER (63900003656),ea,6.99,TRUE
ROSE GRENADINE (6591200065),ea,6.99,TRUE
ROSE LIME CORDIAL (6591258122),ea,6.99,TRUE
OLD DUTCH CRACKED PEPPER & BAS (66343165868),ea,5.99,TRUE
OLD DUTCH BEEF JERKY ORG (874),ea,2.99,TRUE
OLD DUTCH BEEF JERKY JALAPENO (883),ea,2.99,TRUE
ICE BAG (REP) (116),EACH,4,TRUE
ICE BAG 5lbs (16),ea,4,TRUE
A&W ROOT BEER (107363),2L,3.95,TRUE
CLUB SODA (107366),2L,3.95,TRUE
GINGER ALE (107368),2L,3.95,TRUE
SPRITE (107382),2L,3.95,TRUE
COKE (108262),1L,2.95,TRUE
DIET COKE (108263),1L,2.95,TRUE
SPRITE (108266),1L,2.95,TRUE
SHOT GLASSES (1111),ea,3.25,TRUE
PARTY CUPS (111112),ea,5,TRUE
CORKSCREW (111113),ea,5,TRUE
GIFT BAG (111114),ea,3,TRUE
DASANI 1L (112363),1L,3.75,TRUE
GINGER ALE (115027),1L,2.95,TRUE
COKE  (116256),2L,3.95,TRUE
DIET COKE (116262),2L,3.95,TRUE
SPRITE (119279),355ML,2,TRUE
CLUB SODA (119293),355ML,2,TRUE
TONIC WATER (119294),355ML,2,TRUE
GINGER ALE  (119298),355ML,2,TRUE
COKE ZERO (122204),2L,3.95,TRUE
COKE ZERO (129141),1L,3,TRUE
VITAMIN WATER KIWI STRAW (130999),591ML,3,TRUE
VITAMIN WATER ACAI  (131005),591ML,3,TRUE
MONSTER ENERGY (133485),473ML,4,TRUE
TONIC WATER (1356),2L,3.95,TRUE
CLAMATO RIMMER EXTRA SPICY (14096),ea,7,TRUE
MONSTER ZERO ULTRA (146011),473ML,4,TRUE
COKE (146541),500ML,2.5,TRUE
COKE ZERO (146542),500ML,2.5,TRUE
SPRITE  (146544),500ML,2.5,TRUE
GINGER ALE (146545),500ML,2.5,TRUE
POWERADE FRUIT PUNCH (150111),710ML,2.95,TRUE
POWERADE GRAPE (150160),710ML,2.95,TRUE
POWERADE MIXED BERRY (150162),710ML,2.95,TRUE
POWERADE ORANGE (150163),710ML,2.95,TRUE
POWERADE STRAWBERRY LEMONADE (150164),710ML,2.95,TRUE
A&W ROOT BEER (150793),500ML,2.5,TRUE
COKE CHERRY  (151180),500ML,2.5,TRUE
WHEN HANG OVER (15155),ea,9.95,TRUE
COKE ZERO CHERRY (152853),500ML,2.5,TRUE
MINUTE MAID ORANGE (155248),355ML,3,TRUE
MONSTER MANGO (155488),473ML,4,TRUE
GINGER ALE POMEGRANATE (156258),500ML,2.5,TRUE
MONSTER PACIFIC PUNCH (156637),473ML,4,TRUE
DUTCH CRUNCH SEA SALT & MALT VINEGAR 200g (1656),ea,6,TRUE
OLD DUTCH CORN ORIGINAL (2015),ea,6,TRUE
ARRIBA SWEET CHILLI 84g (2369),ea,3,TRUE
OLD DUTCH RESTAURANTE DELI ROUNDS (2523),ea,6,TRUE
MONSTER WATERMELON (411617),473ML,4,TRUE
COKE DREAM WORLD (411638),500ML,2.5,TRUE
MINUTE MAID LEMONADE (411694),355ML,3,TRUE
MINUTE MAID CRAN APPLE RASP (411695),355ML,3,TRUE
MINUTE MAID APPLE (411696),355ML,3,TRUE
MONSTER REIGNBOW SHERBET (411995),473ML,4,TRUE
BIC LIGHTER (450627),ea,2.5,TRUE
BIC MINI CLASSIC LIGHTER (451500),ea,2,TRUE
Reusable bag $2 (5500),ea,2,TRUE
Paper bag 25c (5501),ea,0.25,TRUE
TUMS (701268),ea,1.25,TRUE
BOTTLE OPENER (789213),ea,2,TRUE
DUMAURIER SIGNATURE REG (460055),ea,20.95,TRUE
PALL MALL SMOOTH REG (460094),ea,17.5,TRUE
DUMAURIER DISTINCT REG (460105),ea,20.95,TRUE
JOHN PLAYERS RICH BLUE REG (460139),ea,19.95,TRUE
PLAYERS BLUE REG (460325),ea,20.95,TRUE
CAN CLASSIC ORIG REG (460345),ea,19.5,TRUE
CAN CLASSIC SELECT REG (460350),ea,19.5,TRUE
PLAYERS SMOOTH REG (460352),ea,20.95,TRUE
BELMONT REG (460355),ea,19.95,TRUE
EXPORT A FINE REG (460409),ea,17.95,TRUE
NEXT ORIGINAL REG (460482),ea,17.5,TRUE
NEXT SELECT REG (460493),ea,17.5,TRUE
NEXT EXTRA REG (460515),ea,17.5,TRUE
PALL MALL BOLD EXTRA (460636),ea,17.5,TRUE
EXPORT A FULL REG (460857),ea,17.95,TRUE
EXPORT A SMOOTH REG (460907),ea,17.95,TRUE
EXPORT A MEDIUM REG (460956),ea,17.95,TRUE
DUMAURIER SMOOTH REG (461767),ea,20.95,TRUE
PALL MALL FULL KING (464005),ea,17.5,TRUE
PALL MALL SMOOTH KING (464027),ea,17.5,TRUE
DUMAURIER SIGNATURE KING (464123),ea,20.95,TRUE
DUMAURIER DISTINCT PLUS KING (464203),ea,20.95,TRUE
CAN CLASSIC ORIG KING (464404),ea,19.5,TRUE
CAN CLASSIC SELECT KING (464410),ea,19.5,TRUE
CAN CLASSIC SMOOTH KING (464506),ea,19.5,TRUE
PLAYERS BLUE KING (464680),ea,20.95,TRUE
DUMAURIER SMOOTH KING (464691),ea,20.95,TRUE
BELMONT KING (464784),ea,19.95,TRUE
NEXT ORIGINAL KING (464795),ea,17.5,TRUE
NEXT SELECT KING (464806),ea,17.5,TRUE
NEXT EXTRA KING (464840),ea,17.5,TRUE
EXPORT A FINE KING (465187),ea,17.95,TRUE
CAN CLASSIC RICH KING (465211),ea,19.5,TRUE
EXPORT A SMOOTH KING (465237),ea,17.95,TRUE
EXPORT A MEDIUM KING (465260),ea,17.95,TRUE
EXPORT A FULL KING (465294),ea,17.95,TRUE
JOHN PLAYERS RICH BLUE KING (465407),ea,19.95,TRUE
NUMBER 7 KING (465500),ea,18.99,TRUE
BELMONT SELECT KING (465891),ea,19.95,TRUE
MACDONALD ORIGINAL KING (465906),ea,16.95,TRUE
COLTS RUM WINE (470698),ea,3.5,TRUE
POM POM  (471469),ea,12.95,TRUE
CAPT BLACK BLONDE SAIL CLSSC (475078),ea,3.5,TRUE
ZIG ZAG WHITE (497040),ea,3.95,TRUE
CHUM CHURUM SOJU (105767),355ML,8.75,TRUE
OLE SMOKY BLACKBERRY MOONSHINE (195485),50ML,5.45,TRUE
OLE SMOKY HUNCH PUNCH MOONSHINE (22158),50ML,5.25,TRUE
BISQUIT V.S.O.P  (24656),750ML,98.95,TRUE
OLE SMOKY APPLE PIE MOONSHINE (271379),50ML,5.55,TRUE
19 CRIMES CALI GOLD SNOOP DOG (279781),750ML,28.95,TRUE
BULLETS SHOT (469742),ea,1.95,TRUE
OLE SMOKY MOUNTAIN JAVA (65122),50ML,5.25,TRUE
OLE SMOKY APPLE PIE MOONSHINE (673137),750ML,33.45,TRUE
CHUM CHURUM PEACH (699397),355ML,8.95,TRUE
CHUM CHURUM APPLE (787689),355ML,9.45,TRUE
,,0,
